id,title,url,source_name,source_type,country,published_at,fetched_at,primary_category,categories,score,matched_keywords,deadline_at,dead_at,summary,ai_summary,ai_relevance,ai_sales_hint
159,入国前結核スクリーニングについて,https://www.moj.go.jp/isa/10_00219.html,出入国在留管理庁,page,,,2026-10-11T01:35:35.881617+00:00,ニュース（外国人・ビザ）,ニュース（日本語教育）;ニュース（外国人・ビザ）;その他,11,留学生;在留資格;特定技能,,,Source page: https://www.moj.go.jp/isa/ / ※２ ＪＥＴプログラム参加者、ＪＩＣＡ研修員（長期・短期）、国際交流基金（ＪＦ）中長期招へいプログラム参加者、ＪＩＣＡ人材育成奨学計画（ＪＤＳ）留学生、大使館推薦による国費留学生、外国人留学生の教育訓練の受託事業、当該国とのＥＰＡに基づく看護師・介護福祉士、特定技能外国人、特定活 / 提出書類 入国前結核スクリーニングの対象となる方については、在留資格認定証明書交付申請の際に「結核非発病証明書」（写し及びスキャンデータを含む。 / （参考） 入国前結核スクリーニングの実施に関するガイドライン（令和８年９月２５日）…,出入国在留管理庁が、対象国の国籍を持つ中長期在留予定者らに、在留資格認定証明書の交付申請時（在外公館で直接査証申請する場合は査証申請時）に「結核非発病証明書」の提出を求める入国前結核スクリーニングを案内している。フィリピン・ネパール・ベトナムは実施済みで、インドネシアは令和8年11月2日に健診受付を開始し、令和9年1月4日から提出が義務付けられる予定。特定技能外国人などは当面対象外。,中,
158,在留資格「経営・管理」に係る上陸基準省令等の改正について,https://www.moj.go.jp/isa/applications/resources/10_00237.html,出入国在留管理庁,page,,,2026-10-11T01:35:35.881564+00:00,ニュース（外国人・ビザ）,ニュース（外国人・ビザ）,4,在留資格,,,Source page: https://www.moj.go.jp/isa/ / 申請に関する取扱い １ 事業内容について 業務委託を行うなどして経営者としての活動実態が十分に認められない場合は、在留資格「経営・管理」に該当する活動を行うとは認められないものとして取り扱います。 / 法別表第一の在留資格をもって在留する外国人は対象になりません。 / （注１）ここで言う「常勤職員」の対象には、法別表第一の在留資格をもって在留する外国人も含まれます。,"在留資格「経営・管理」の上陸基準省令等が改正され、令和7年10月16日に施行された。常勤職員1人以上の雇用、資本金等3,000万円以上、申請者または常勤職員の日本語能力（B2相当以上、JLPT N2以上など）、経歴要件、専門家による事業計画書の確認が求められる。",中,
290,在留期間内での変更又は更新許可を希望する場合について,https://www.moj.go.jp/isa/10_00270.html,出入国在留管理庁,page,,,2026-10-11T01:35:35.881512+00:00,ニュース（外国人・ビザ）,ニュース（日本語教育）;ニュース（外国人・ビザ）,14,留学生;在留資格;特定技能;技能実習,,,Source page: https://www.moj.go.jp/isa/ / 〇 ４月に就労を開始することを目的とした留学生からの在留資格変更許可申請 〇 在留資格「技能実習」から在留資格「特定技能」への在留資格変更許可申請 （注２）中長期在留者ではなく、３か月以内の在留期間をお持ちの方は、その在留期間のおおむね２分の１が経過したときから申請 が可能です。 / 〇 在留資格変更許可申請 在留資格の変更の事由が生じたら速やかに申請をしてください。 / そうした 日常生活上の制限が発生することを避けるためには、在留期間内（特例期間に至る前）に在留資格の変更又は在留期間の更新が許可されることが望…,出入国在留管理庁が、在留期間内に在留資格の変更・更新の許可を得たい在留カード所持者向けに申請時期の目安を示した。在留期間更新は満了の3か月前から45日前まで、在留資格変更は事由が生じたら速やかに申請するよう求めている。,中,
340,在留許可手数料の減額措置又は免除措置について,https://www.moj.go.jp/isa/10_00273.html,出入国在留管理庁,page,,,2026-10-11T01:35:35.881462+00:00,ニュース（外国人・ビザ）,ニュース（外国人・ビザ）,4,在留資格,,,Source page: https://www.moj.go.jp/isa/ / 減額措置の対象者に該当し得るケースとして想定される者は、「在留資格の変更又は在留期間の更新の許可に係る手数料の減額対象者のガイドライン」に記載しています。 / ・ 在留資格の変更又は在留期間の更新の許可に係る手数料の減額対象者のガイドライン（概要） ・ 在留資格の変更又は在留期間の更新の許可に係る手数料の減額対象者のガイドライン（本文） / （１）外交又は公用の在留資格への変更を受ける者,令和8年10月1日以降、在留資格の変更・在留期間の更新・永住許可の手数料について、生活困窮や人道上の配慮が必要な外国人を対象に減額措置が設けられ、外交・公用などの一部は免除される。減額後の手数料は、在留資格変更と在留期間更新が各1万円、永住許可が2万円で、減額の申請は疎明資料を添えて窓口で行う必要があり、オンライン申請は対象外。,中,
339,令和８年１０月１日付け在留許可手数料の額の改定等について,https://www.moj.go.jp/isa/01_00644.html,出入国在留管理庁,page,,,2026-10-11T01:35:35.881406+00:00,ニュース（外国人・ビザ）,ニュース（外国人・ビザ）,4,在留資格,,,Source page: https://www.moj.go.jp/isa/ / ）を改正し、在留申請オンラインシステムで受け付けた申請に対する許可又は交付を受ける場合の手数料の納付方法は、出入国在留管理庁長官が指定する事業者に委託する方法によることとなりました。 / そして、「政令で定める者」については、改正入管法施行令第２５条第２項各号に掲げており、これを踏まえ、具体的に減額対象者に該当し得るケースとして想定される者については、「在留資格の変更又は在留期間の更新の許可に係る手数料の減額対象者のガイドラインに記載しています。 / ）が施行されることに伴い、在留資格の変更の許可、在留期間の更新…,令和8年10月1日から、在留資格の変更・在留期間の更新・永住の各許可に係る在留許可手数料の額が改定され、変更・更新の手数料は許可される在留期間の区分に応じて定められる。在留申請オンラインシステムでの申請は収入印紙からコンビニ決済・銀行決済に変わり、経済的困難などの場合は手数料の減額・免除の対象となる。,中,
306,令和８年熊本地震について,https://www.moj.go.jp/isa/30_00158.html,出入国在留管理庁,page,,,2026-10-11T01:35:35.881347+00:00,ニュース（外国人・ビザ）,ニュース（外国人・ビザ）,4,在留資格,,,Source page: https://www.moj.go.jp/isa/ / ・ 今回の地震に係る 災害救助法（昭和２２年法律第１１８号） の適用 を受ける市町村に住居地を有し、就労の在留資格を有する方 ・ ３か月を超えない期間、今回の地震に起因して本来活動に従事することが困難であり、当該期間経過後、所属機関での活動を再開することが見込まれる方 ○ 資格外 / ※ 既に資格外活動許可を受けている方で、予定していた期間内に事業所等の復旧作業が完了しなかったなどの事情により、在留資格で定められた就労活動を再開することができなかったため、その許可期限を超えて引き続き資格外活動を希望する場合は、改…,出入国在留管理庁が、令和８年熊本地震で被災した外国人向けの在留手続の特例をまとめた。災害救助法の適用市町村に住む就労資格者が、被災で本来の活動ができない場合は、３か月を超えない期間の資格外活動許可を受けられ、期限は許可日から３か月または令和９年１月２７日の早い方で、入管法上の義務の履行期限は令和８年１１月２７日までとされた。,中,
173,岐阜県外国人介護人材日本語学習支援事業費補助金,https://www.pref.gifu.lg.jp/page/131091.html,岐阜県 介護人材日本語補助金,page,,2026-04-01T00:00:00+00:00,2026-10-11T01:35:35.881264+00:00,公募・補助金・プロポーザル,公募・補助金・プロポーザル;ニュース（日本語教育）;ニュース（外国人・ビザ）;その他,22,補助金;補助;外国人介護人材;介護人材;特定技能;技能実習,2026-11-13,,Source page: https://www.pref.gifu.lg.jp/page/131091.html / 1.事業概要 介護職種の外国人技能実習生又は介護分野における特定技能外国人（以下、「外国人介護人材」という。 / 4.補助対象経費 介護事業者が負担する外国人介護人材の日本語学習にかかる経費 ※詳細は「岐阜県外国人介護人材日本語学習支援事業費補助金交付要綱」をご確認ください。 / ※交付決定後に実施した事業、かつ支払ったものが補助対象となります。 / 定額が確認できる資料 等） ＜申請受付期間＞ 令和8年4月1日（水曜日）から令和8年11月13日（金曜日） ※予算額の上限に達し次第、募集を終了します。 ＜申請期限＞ 補助事業開始日の属する月の前月15日（15日が土日祝日等 / 金額: 補助率2分の1,岐阜県が、外国人介護人材（介護職種の技能実習生・介護分野の特定技能外国人）を受け入れる県内の介護事業者に対し、日本語学習にかかる経費の2分の1を補助する。上限は1人15万円・1事業所30万円で、申請受付は2026年4月1日から11月13日まで（予算上限に達し次第終了）。,高,補助対象は受入れ介護事業者の日本語学習費のため、Nihongo Catch!を県内の介護事業者へ日本語学習手段として提案し、補助金を活用した導入（1人15万円・半額補助）を後押しする形が狙える。
177,令和８年度福岡県外国人介護人材確保強化事業費補助金,https://www.pref.fukuoka.lg.jp/contents/kakuhokyoka.html,福岡県 外国人介護補助金,page,,2026-10-01T00:00:00+00:00,2026-10-11T01:35:35.881205+00:00,公募・補助金・プロポーザル,公募・補助金・プロポーザル;ニュース（日本語教育）;その他,15,補助金;補助;外国人介護人材;介護人材,,,Source page: https://www.pref.fukuoka.lg.jp/contents/kakuhokyoka.html / 5 補助対象経費 法人グループが行う、以下の事業とする。 / 採択に当たっては、高齢者地域包括ケア推進課において、応募要件に該当する旨を確認した後、「事業者選定委員会」が福岡県外国人介護人材確保強化事業費補助金事業者選定要領の審査基準に基づき、申請書等の審査を行い、選定する。 / 補助事業概要（補助金の申請受付は終了しました） 外国人介護人材を確保する観点から、海外現地での働きかけを強化し、海外現地の学校との連携を強化するなど、現地での人材確保に資する取組に対して支援を行うことで、外国人介護人材の受入促進を図るた… / 金額: 上限500万円・補助率10分の10,福岡県が、県内で外国人介護人材を受け入れる（予定を含む）介護事業所・施設を運営する、4法人以上で構成する法人グループ向けに実施する補助金。海外現地の学校との連携や説明会開催、介護の日本語学習支援などに補助率10分の10・上限500万円で支援し、申請受付は令和8年8月3日で終了している。,高,補助対象に「海外現地での介護の日本語学習支援」が必須事業として含まれるため、Nihongo Catch!の介護日本語教材・オンライン講習を、法人グループ向けの現地学習支援メニューとして提案できる。受付は終了しているため、次年度の公募に備えて福岡県内の介護法人グループへ事前に働きかけたい。
170,令和7年度外国人材受入加速化支援事業に係る受託事業者の募集について,https://www.pref.osaka.lg.jp/hodo/fumin/o110010/prs_51017.html,大阪府 外国人材受入事業,page,,2026-03-31T00:00:00+00:00,2026-10-11T01:35:35.881151+00:00,公募・補助金・プロポーザル,公募・補助金・プロポーザル;ニュース（日本語教育）;ニュース（外国人・ビザ）;その他,14,公募;委託;留学生;外国人材,2026-03-31,,"Source page: https://www.pref.osaka.lg.jp/hodo/fumin/o110010/prs_51017.html / 2.事業の趣旨・目的 大阪での就職を希望する外国人留学生や海外在住の外国人材、加えて、万博を契機として大阪に中長期滞在する外国人材を対象に、オンラインマッチングシステム等を活用して府内企業との就職マッチングの機会を提供するとともに、府内企業の採用者へのフォローアップを実施すること / 1.委託業務名 令和7年度外国人材受入加速化支援事業 / 本事業は、民間事業者の知識やノウハウ等を活用して効果的・効率的に実施するため、企画提案公募により受託事業者を募集します。 / 4.委託上限額 76,676,000円（税込） 5.履行期間 契約締結日から令和8年3月31日（月曜日）まで 6.スケジュール 令和7年2月18日（火曜日） 公募開始 令和7年2月25日（火曜日） 説明会開催 令和7年3月  / 金額: 上限7667万6000円","大阪府が、府内企業への就職を希望する外国人留学生や海外在住の外国人材を対象に、オンラインマッチングや採用後フォローアップを行う「令和7年度外国人材受入加速化支援事業」の受託事業者を企画提案公募で募集している。委託上限額は税込7,667万6,000円、提案書類の提出締切は令和7年3月27日、履行期間は令和8年3月31日まで。",高,採用内定者や採用者向けの日本語学習支援・定着フォローを担う形で、マッチング運営事業者との共同提案や再委託による参画を検討できる。ただし提案締切は令和7年3月27日で、すでに過ぎている可能性が高い。
168,令和８年度かながわ外国人材活用支援ステーション連携先事業者,https://www.kipc.or.jp/topics/information/kanastentry2026/,神奈川 外国人材活用支援,page,,,2026-10-11T01:35:35.881093+00:00,ニュース（外国人・ビザ）,ニュース（外国人・ビザ）;その他,6,外国人材,2026-03-27,,Source page: https://www.kipc.or.jp/business-support/productivity/foreign-talent/ / 募集期間 2026年3月17日(火)～3月27日(金)17:00まで 募集終了 申込方法 かながわ外国人材活用支援ステーション連携先事業者登録要領 を確認の上、以下の申込書類をメールにて送付ください。 / 連携先事業者の役割 かながわ外国人材活用支援ステーション連携先事業者登録要領第2条によります。 / 申込書類 1 登録申込書（第1号様式） 2 登録要件確認書（第2号様式） 3 有料職業紹介事業許可証の写し 4 法人登記簿謄本の写し 5 人材紹介における手数料の額等がわかるもの（手数料表等） 6 会社概要や事業… / 。 また、必要に応じてヒアリングを行います。 募集期間 2026年3月17日(火)～3月27日(金)17:00まで 募集終了 申込方法 かながわ外国人材活用支援ステーション連携先事業者登録要領 を確認の上、以下の申込書類をメ,神奈川産業振興センター（KIP）内の「かながわ外国人材活用支援ステーション」が、2026年度に連携する人材紹介会社の登録を募集した。有料職業紹介事業許可を持つ事業者が対象で、申込期間は2026年3月17日から3月27日17:00まで（現在は募集終了）。,中,
167,神奈川県高度外国人材受入支援補助金,https://www.pref.kanagawa.jp/docs/z4r/jinkaku_subsidy.html,神奈川 外国人材活用支援,page,,,2026-10-11T01:35:35.881039+00:00,公募・補助金・プロポーザル,公募・補助金・プロポーザル;ニュース（外国人・ビザ）;その他,19,公募;補助金;補助;外国人材;在留資格,2027-02-12,,Source page: https://www.kipc.or.jp/business-support/productivity/foreign-talent/ / 本補助金は、在留資格認定の状況などにより、交付を受けられない場合があります。 / （チラシ）高度外国人材の受入れに関する補助金を利用していますか（PDF：433KB） 【モデルケース】（PDF：147KB） 申請する方の想定されるスケジュールです。 / 神奈川県高度外国人材受入支援補助金 神奈川県高度外国人材受入支援補助金のページです 1 神奈川県高度外国人材受入支援補助金とは 中小企業の高度外国人材(技術・人文知識・国際業務又は高度専門職)の採用手続きに係る初期経費に対する補助金です。 / るか判定の参考としてください。 2 公募期間 令和8年4月1日（水曜日）から令和9年2月12日（金曜日）まで （注記）申請は先着順で受け付け、予算額に達した時点で受付を終了します。 3 要綱・手引き 1 要綱（PDF：437 / 金額: 上限50万円,神奈川県が、中小企業による高度外国人材（技術・人文知識・国際業務または高度専門職）の採用手続きにかかる初期経費を補助する制度。1人当たり補助対象経費の3分の1以内（上限50万円）で、公募期間は令和8年4月1日から令和9年2月12日までだが、先着順で予算額に達し次第終了する。,中,補助対象は中小企業による高度外国人材の採用初期経費で日本語講習そのものは対象外とみられるため、直接応募ではなく、県内の受入企業や登録支援機関に制度を案内しつつ、採用後の日本語学習支援としてNihongo Catch!を提案する形が現実的。
166,KIP高度外国人材インターンシップ受入奨励金,https://www.kipc.or.jp/topics/information/r8internshipsubsidy/,神奈川 外国人材活用支援,page,,,2026-10-11T01:35:35.880985+00:00,ニュース（外国人・ビザ）,ニュース（外国人・ビザ）;その他,6,外国人材,,,Source page: https://www.kipc.or.jp/business-support/productivity/foreign-talent/ / 令和8年度 KIP高度外国人材インターンシップ受入奨励金チラシ 概要 名称 KIP高度外国人材インターンシップ受入奨励金 要綱 KIP高度外国人材インターンシップ受入奨励金交付要綱 対象事業 【対象企業】 県内に本社または事業所を有する中小企業者 であること 【対象となるインター / 金額: 上限20万円,神奈川産業振興センター（KIP）が、県内中小企業による海外在住の高度外国人材のインターンシップ受入れに対し、1名あたり上限20万円（1社最大2名）を交付する令和8年度の奨励金を募集している。対象は2026年4月1日～2027年2月28日に5日以上実施するインターンシップで、受付は一定の募集数に達し次第終了する。,中,
154,令和8年度「グローバル人材育成の基盤形成事業（異文化理解ステップアップ事業）」の公募について,https://www.mext.go.jp/b_menu/boshu/detail/mext_00508.html,文部科学省 公募情報,page,,2026-02-16T00:00:00+00:00,2026-10-11T01:35:35.880920+00:00,公募・補助金・プロポーザル,公募・補助金・プロポーザル;その他,4,公募,2026-03-09,,Source page: https://www.mext.go.jp/b_menu/boshu/index.htm / 2．採択までのスケジュール（予定） 公募開始 令和8年2月16日（月曜日） 提出期限 令和8年3月9日（月曜日）午前10時 採択先の決定（予定） 令和8年3月下旬 ※審査の状況などにより変更する場合がある。 / 3．公募要領 詳細については、下記の公募要領等を御覧ください。 / 1．事業の趣旨 「グローバル人材育成の基盤形成事業（異文化理解ステップアップ事業）」は、海外で日本語を専攻している外国人高校生を4～6週間程度、我が国に招致して、一般家庭でのホームステイや高等学校への体験入学等の活動を通じ、日本の社会や文… / でのスケジュール（予定） 公募開始 令和8年2月16日（月曜日） 提出期限 令和8年3月9日（月曜日）午前10時 採択先の決定（予定） 令和8年3月下旬 ※審査の状況などにより変更する場合がある。 3．公募要領 詳細について,文部科学省が令和8年度「グローバル人材育成の基盤形成事業（異文化理解ステップアップ事業）」の公募を開始した。海外で日本語を専攻する外国人高校生を4～6週間程度招致し、ホームステイや高校への体験入学を通じて日本社会・文化への理解を深める事業で、提出期限は令和8年3月9日午前10時、採択先の決定は3月下旬の予定。,中,招致する外国人高校生向けの事前・滞在中の日本語学習コンテンツとして Nihongo Catch! を組み込む提案が考えられ、実施団体との連携や教材提供の形で関われそう。
153,令和９年度マレーシア政府派遣留学生予備教育派遣教員の募集（退職教員対象）について,https://www.mext.go.jp/b_menu/boshu/detail/mext_00535.html,文部科学省 公募情報,page,,2026-06-03T00:00:00+00:00,2026-10-11T01:35:35.880853+00:00,公募・補助金・プロポーザル,公募・補助金・プロポーザル;ニュース（日本語教育）,7,公募;留学生,2026-07-24,,Source page: https://www.mext.go.jp/b_menu/boshu/index.htm / この度、令和9年度の派遣教員について、高等学校等の教員として勤務し、退職をした方を対象として、以下のとおり募集を行います。 / 2 募集する教科及び採用予定人数 数学、物理、化学のいずれかを担当する者（各教科若干名） 3 応募要件 以下の要件全てを満たす者を対象とします。 / 【提出用フォーム】 令和9年度マレーシア派遣教員応募書類提出（公募） 【提出期限】 令和8年7月24日（金曜日）17時00分（厳守） なお、データでの御提出が出来ない場合は、応募書類一式を（3）の「応募書類提出先」まで御提出ください。,文部科学省が、令和9年度にマレーシア・マラヤ大学予備教育部へ派遣する数学・物理・化学の教員を、高等学校等を退職した方から募集する。派遣期間は令和9年4月から2年間で、応募書類の提出期限は令和8年7月24日17時（基本情報の入力期限は7月10日17時）。,低,高校退職教員個人を対象とした教員派遣の募集で、日本語教育サービス事業者としての応募や提案の余地は乏しいため、営業上の対応は不要。
183,THÔNG TIN CHO NGƯỜI LAO ĐỘNG ĐI LÀM VIỆC TẠI THỊ TRƯỜNG NHẬT BẢN,https://vieclamngoainuoc.dolab.gov.vn/loai-hinh/SSW,ベトナム DOLAB-JICA 特定技能情報,overseas_official,ベトナム,,2026-10-11T01:35:35.880791+00:00,ニュース（外国人・ビザ）,ニュース（日本語教育）;ニュース（外国人・ビザ）;その他,21,EPA;Nhật Bản;lao động;介護人材;特定技能;技能実習;JFT-Basic,,,日本語概要: 日本の特定技能制度に関するベトナム側の案内です。技能実習プログラムにも触れています。EPAの看護・介護人材に関係します。日本語要件や JFT-Basic/JLPT に関係します。送り出し事業者・費用負担に関する注意事項が含まれます。 / 原文抜粋: THÔNG TIN CHO NGƯỜI LAO ĐỘNG ĐI LÀM VIỆC TẠI THỊ TRƯỜNG NHẬT BẢN THÔNG TIN CHO NGƯỜI LAO … / Source page: https://vieclamngoainuoc.dolab.gov.vn/loai-hinh/SSW,ベトナム内務省海外労働管理局のDOLAB-JICAが、日本で働くベトナム人向けに特定技能1号の案内を掲載している。応募条件は日本語能力試験N4またはJFT-Basicと技能試験の合格、もしくは技能実習2号・3号の修了で、受入側が日本語訓練と技能講習に各5万円以上を負担し、給与は月18万〜25万円程度とされる。,高,
477,PENGUMUMAN HASIL MATCHING I CALON PEKERJA MIGRAN INDONESIA KANDIDAT NURSE DAN CAREWORKER BATCH KE 20 PROGRAM G TO G JEPANG TAHUN PENEMPATAN 2027,https://kp2mi.go.id/gtog-detail/jepang/pengumuman-hasil-matching-i-calon-pekerja-migran-indonesia-kandidat-nurse-dan-careworker-batch-ke-20-program-g-to-g-jepang-tahun-penempatan-2027,インドネシア KP2MI/BP2MI G to G Japan,overseas_official,インドネシア,2026-10-09T00:00:00+00:00,2026-10-11T01:35:35.880737+00:00,ニュース（外国人・ビザ）,ニュース（外国人・ビザ）;その他,20,careworker;G to G;EPA;nurse;Jepang;pekerja migran;pekerja,,,日本語概要: 日本語基礎試験に関する告知です。合格発表に関する情報です。インドネシア政府の G to G 日本派遣プログラムに関する告知です。EPAの看護師・介護福祉士候補者に関係します。日本就労を目指すインドネシア人候補者向け情報です。 / 原文抜粋: PENGUMUMAN HASIL MATCHING I CALON PEKERJA MIGRAN INDONESIA KANDIDAT NURSE DAN CAREWORKER … / Source page: https://kp2mi.go.id/gtog-data/jepang/Pengumuman?draw=1&start=0&length=20 / 一覧掲載日: 9 October 2026,インドネシア移住労働者保護省（KP2MI）が、日本とのEPA（G to G）プログラム第20期の看護師・介護福祉士候補者のマッチングI結果を2026年10月9日付で発表した。面接を受けた442人のうち317人（看護師23人、介護福祉士294人）が合格し、2027年の派遣に向けて10月13日13時（WIB）までに受入施設の同意確認が必要で、未合格者は10月14日予定のマッチングIIに進める。,中,
452,"Cơ hội cho sinh viên điều dưỡng sang Nhật làm việc, lương tới 51 triệu đồng",https://news.google.com/rss/articles/CBMi0gFBVV95cUxNT0t0VHBWeTFyWHJfVnJwWFRhV1FaQ0h1MjVjUHp0NjJUQWNnYnZOY0hOVVNWcXliNklkTGJRaGlGSjQzSFd5SEhWRkhldUwwNV8tWV9XUGFOdEZZTjFGRUFxbl93UjE0bE5uNzg4cEFzUUxoNkh1eW9MSHgzbXY0dk45d0xDOTNEb3JYZkhCSTJlOWZ6b2sxY2didEI1ZHMtNXpGOGxXNE5OeU5sSTZDV0t3R2xCMVF2M0VWSXBuY1lGRUcxRWF1bTVkUUIzT2FEYmc?oc=5,Google News: Vietnam: Japanese language,google_news,ベトナム,2026-10-02T07:00:00+00:00,2026-10-11T01:35:35.880676+00:00,ニュース（外国人・ビザ）,ニュース（日本語教育）;ニュース（外国人・ビザ）;その他,9,EPA;điều dưỡng;介護人材,,,"日本語概要: EPAの看護・介護人材に関係します。 / 原文抜粋: Cơ hội cho sinh viên điều dưỡng sang Nhật làm việc, lương tới 51 triệu đồng Cơ hội cho si…","ベトナムの看護学生を対象に、日本で働く機会があると紹介するニュースで、月給は最大5,100万ドン相当とされている。EPA（経済連携協定）に基づく看護・介護人材の受け入れに関わる内容。",中,
375,Chỉ thị số 50-CT/TW của Ban Bí thư về tiếp tục đổi mới và nâng cao chất lượng sinh hoạt chi bộ,https://news.google.com/rss/articles/CBMi6gFBVV95cUxOdjhhRXR0dUJpd1ZHWTNXeEZKeDV6NmtqVFZlUHg5TWNEWlBRS0FYXzJQTDdNRDlUVDc3eDB5LWVsZmFfNTNrdS0wenFHNTFWZ0hUM3NmUWtXejJvdUdrSUowZHE5RlloNG9Vb0VrZHpoeFRLSVBxSmlOYjdNLUtTci1tU2RaWTJ0eTAtMDE2YUtST2xmc1I0cGxmVGg5bEZyZU9CX1NlUDRSRFhfZHZPSmRhME1yakp4VXNOUVIyZDRpVHo3c2tGOElQQWZkN1dJelpoUWFWelhubTUwcGMydEZUdHRISFItc1E?oc=5,Google News: Vietnam: Japan workers,google_news,ベトナム,2026-10-05T07:00:00+00:00,2026-10-11T01:35:35.880603+00:00,ニュース（外国人・ビザ）,ニュース（外国人・ビザ）;その他,3,外国人材,,,日本語概要: ベトナム発の日本就労・外国人材関連情報です。 / 原文抜粋: Chỉ thị số 50-CT/TW của Ban Bí thư về tiếp tục đổi mới và nâng cao chất lượng sinh hoạt c…,ベトナム共産党書記局が出した指示第50-CT/TW号で、党支部の活動（支部会議）の質を引き続き刷新・向上させる内容の党内向け文書。日本の外国人材や就労に直接関わる内容は示されていない。,無関係,
475,Anh công nhân Việt Nam trở thành 'thợ thép mạnh nhất Nhật Bản',https://news.google.com/rss/articles/CBMiowFBVV95cUxNU0J2T3k3UnFKOThvWFBlY1dSZWxlZ1NoOXVGOEo0dmloTDUwYlJCRGpmYmVna1kyd3lvWG54SndXLWl6S2FvVnc4djRCYlZEODlVSEE0c3NiQlFtSUVVMmpBa2lOS1JDYVJEV19aQ3F5SUVhTUhiVjBxcGR0MGFxQVE3bEFVU0tIUHhvNkZqdjg1V1dwRHNEd2M1bGNzQlVDa0Jz?oc=5,Google News: Vietnam: Japan workers,google_news,ベトナム,2026-10-08T11:57:00+00:00,2026-10-11T01:35:35.880559+00:00,ニュース（外国人・ビザ）,ニュース（外国人・ビザ）;その他,4,外国人材;Nhật Bản,,,日本語概要: ベトナム発の日本就労・外国人材関連情報です。 / 原文抜粋: Anh công nhân Việt Nam trở thành 'thợ thép mạnh nhất Nhật Bản' Anh công nhân Việt Nam trở…,日本で働くベトナム人の労働者が「日本一強い鉄鋼職人」と呼ばれるまでになったことを伝えるベトナム発の記事で、外国人材の就労事例にあたる。,低,
474,Lao động Việt Nam trở thành người nước ngoài đầu tiên vô địch giải TETSU-1 GRAND PRIX toàn Nhật Bản,https://news.google.com/rss/articles/CBMi7AFBVV95cUxNV3dGUWZ4OXVQZjlWRzNxQzVNSUx3bngtUmFEOE1XUjc1dWpRaFZLZkFVczJ1bjVsamNRTUhJcmsyaDVMZ0kzMHR3RzBXU0M2bTBwVWlySkNtaVk1bFVVSzRSY2doSHRsMER0WW5qV2IzTjFKOTNMaEczN3YxSG1wdmJQSUVmTDQ1VktZems4YWV2d1FUOU5vWnNjZ2lRU3VxTmZNam9JMTVLWXdQaDhrdkdtcEdoTUcxcm9qdW1Jc3U2cTBiU2hNcmZ0a1ZlN20xWnNpNUt0LW9RNVV4eU1jckp0Uml5S0Z5SFpUVg?oc=5,Google News: Vietnam: Japan workers,google_news,ベトナム,2026-10-08T23:55:02+00:00,2026-10-11T01:35:35.880507+00:00,ニュース（外国人・ビザ）,ニュース（外国人・ビザ）;その他,7,外国人材;Nhật Bản;lao động,,,日本語概要: ベトナム発の日本就労・外国人材関連情報です。 / 原文抜粋: Lao động Việt Nam trở thành người nước ngoài đầu tiên vô địch giải TETSU-1 GRAND PRIX toà…,日本で働くベトナム人労働者が、全国大会「TETSU-1 GRAND PRIX」で外国人として初めて優勝したと、ベトナム語メディアが報じている。,低,
448,Mau Coba Magang ke Jepang? Ini 3 Bekal yang Harus Disiapkan Mahasiswa,https://news.google.com/rss/articles/CBMivAFBVV95cUxNTWgzcnowU3NNbkozbXB6eDZjdmUzSUJIYlo4VjNadk1uczVhNk1LaGtTdWZnV2RtaWxmY0tWTEx2S0xCSXIzN1VlUUhNYTlobDRSWGNaeHJFbEd5NzQ3RmV5eEQ4Z25yQzhHLXdHNm96WENqT2F5MTF5anlYeWVNWkRoZUJ2a0k2SExlQjc4MlVvV1VsTEFSanRFNTdvVVJDT2VGVC0xQWxUR0F0SVJmLVpwSy1uOWNmSXh3UQ?oc=5,Google News: Indonesia: Japan workers,google_news,インドネシア,2026-10-01T09:51:00+00:00,2026-10-11T01:35:35.880459+00:00,ニュース（外国人・ビザ）,ニュース（外国人・ビザ）;その他,7,外国人材;EPA;Jepang,,,日本語概要: インドネシア発の日本就労・外国人材関連情報です。 / 原文抜粋: Mau Coba Magang ke Jepang? Ini 3 Bekal yang Harus Disiapkan Mahasiswa Mau Coba Magang ke …,日本でのインターンシップ（マグang）を目指すインドネシアの大学生向けに、事前に準備すべき3つのポイントを紹介する記事。,中,
451,Strategi Pemkab Cirebon Tekan Pengangguran Lewat Jalur Jepang,https://news.google.com/rss/articles/CBMitwFBVV95cUxQZWdMSTJYa0ZzZGRxWGtNaUpVbGYzcXBrU25oTGdIUGlxeXlZcVljRGZaTmVYakRpME1wcHVsVUdJckZXYnJHTGJMZmRiU3FpcF84ZU45RnZvSGNnVGJ4eVAyNEpubzZtNG13SHR3NHNfTXNKS1U3MFlVVG9fdFNWNW1WTnhZdFpFQmN5YThQWmJMbXdlSkJWMjFwWVk3Q19VSWRxdGxqa05FRW1aR2laU0NGUmdrMjTSAbcBQVVfeXFMUGVnTEkyWGtGc2RkcVhrTWlKVWxmM3Fwa1NuaExnSFBpcXl5WXFZY0RmWk5lWGpEaTBNcHB1bFVHSXJGV2JyR0xiTGZkYlNxaXBfOGVOOUZ2b0hjZ1RieHlQMjRKbm82bTRtd0h0dzRzX01zSktVNzBZVVRvX3RTVjVtVk54WXRaRUJjeWE4UFpiTG13ZUpCVjIxcFlZN0NfVUlkcXRsamtORUVtWkdpWlNDRlJnazI0?oc=5,Google News: Indonesia: Japan workers,google_news,インドネシア,2026-10-02T12:01:13+00:00,2026-10-11T01:35:35.880399+00:00,ニュース（外国人・ビザ）,ニュース（外国人・ビザ）;その他,7,外国人材;EPA;Jepang,,,日本語概要: インドネシア発の日本就労・外国人材関連情報です。 / 原文抜粋: Strategi Pemkab Cirebon Tekan Pengangguran Lewat Jalur Jepang Strategi Pemkab Cirebon Tek…,インドネシア・チルボン県（Pemkab Cirebon）が、失業対策の一環として日本での就労を後押しする取り組みを進めている。日本就労を目指す県内の求職者が対象。,中,
447,Filipino workers going to Japan under new program to be treated as employees right away,https://news.google.com/rss/articles/CBMixAFBVV95cUxQVm4xaE1kVTRnZ1g0a0tYelFoT1Uyd05OOW4wZnE3MUFYdk9fRk1aZGc5NzFBSHNMWkhTTkJYN0ducHVwSVFaN09WdU9WWE90SnBMUlkzQWluX0hXdFRGV3RXTkh1cmVTV0UzT1NIT1I0RHJaNUYwNWg1Mk1CeGcwNU5VN0xzMzFSLXcyMldfYW9jVnliT3hMYWFfZU1FLU5EUEhfdzlydGlOU2NpQ1FtNHZ0T0V2RGROdUdMMWVJWHYtSkh5?oc=5,Google News: Philippines: Japan work,google_news,フィリピン,2026-10-01T10:46:37+00:00,2026-10-11T01:35:35.880345+00:00,ニュース（外国人・ビザ）,ニュース（外国人・ビザ）,3,Filipino workers,,,日本語概要: 労働・雇用関連の告知として確認対象です。 / 原文抜粋: Filipino workers going to Japan under new program to be treated as employees right away F…,新しい制度のもとで日本へ渡航するフィリピン人労働者は、到着後すぐに従業員として扱われるという。日本で働くフィリピン人材の受け入れに関するニュースで、育成就労など外国人材の受入れ動向を把握するうえで参考になる。,中,
455,Filipino workers in Japan could soon have an easier path to higher-skilled jobs,https://news.google.com/rss/articles/CBMiugFBVV95cUxNM25BbXdvLTg5U2g1SDBNcWNSa1JIRHdJWkRUcmNqb09xc0h4RkN2T2pYNi02cG9HY2NRRmx1Z3hQNXJJTWRZbHBrekU4M1ZJUWhiU0ZNQWhqRDNoVVV2S2YtaFdrYXp1eXJfTHQ1NlNZQ24wU3h5dDNYWnpvb1l3VF9KQlp5Tm54QlM4YTAtMEcydXltTndHQm5qelJpUXpoYV9MREV2WmNERUhkczkzYmR4SXExdm5QdUE?oc=5,Google News: Philippines: Japan work,google_news,フィリピン,2026-10-03T11:03:46+00:00,2026-10-11T01:35:35.880257+00:00,ニュース（外国人・ビザ）,ニュース（外国人・ビザ）,3,Filipino workers,,,日本語概要: 労働・雇用関連の告知として確認対象です。 / 原文抜粋: Filipino workers in Japan could soon have an easier path to higher-skilled jobs Filipino …,日本で働くフィリピン人労働者が、より高度な技能を求められる職種へ移りやすくなる可能性があると報じられている。,中,
237,"Japan Working Visa Permit: Requirements, Process & Eligibility - Y-Axis Overseas Careers",https://news.google.com/rss/articles/CBMiUEFVX3lxTE1KWExrcWwzVDhrM0dicDhVQ2RPVGM0S3VXRElVYThSZEg3aE9FOEtIMW0tazVLeklUVFFOVkpfaFo2ZmIzRF8tZWNkaHNRMmtv?oc=5,Google News: Philippines: Japan work,google_news,フィリピン,2026-10-08T06:22:25+00:00,2026-10-11T01:35:35.880200+00:00,ニュース（外国人・ビザ）,ニュース（外国人・ビザ）;その他,3,外国人材,,,"日本語概要: フィリピン発の日本就労・外国人材関連情報です。 / 原文抜粋: Japan Working Visa Permit: Requirements, Process & Eligibility - Y-Axis Overseas Careers …",日本で働くことを希望する外国人向けに、就労ビザ（就労許可）の要件・申請手続き・対象となる条件を解説する、海外キャリア支援会社Y-Axisの案内記事。,中,
473,The West wants newcomers on its own terms. So does Japan.,https://news.google.com/rss/articles/CBMiiwFBVV95cUxPeVFUNnNnNkZoMWhhOUdyUGctSjRqRXkxVEV0UWNzSENDTUFOb19NemxuRkNCaEV6VWc0SzdzYmpsY1g4ajNwNVVPaElpU1piUDFoSmdaZjc4bGhZeHpWZE1CRkx6NGpudy16UG9ROXpqMHI1LWZKeXBRTk02czVWUTJIYTZULUM0T0pr?oc=5,Google News: Philippines: Japan work,google_news,フィリピン,2026-10-08T05:27:00+00:00,2026-10-11T01:35:35.880150+00:00,ニュース（外国人・ビザ）,ニュース（外国人・ビザ）;その他,3,外国人材,,,日本語概要: フィリピン発の日本就労・外国人材関連情報です。 / 原文抜粋: The West wants newcomers on its own terms. So does Japan. The West wants newcomers on its…,欧米諸国と同様に日本も、移民や外国人材を自国の条件に沿って受け入れようとしていると論じる国際報道です。フィリピンなど海外から日本で働く人材の受け入れ方針に関わる話題です。,中,
454,"Philippines, Japan explore more employment pathways for OFWs",https://news.google.com/rss/articles/CBMirgFBVV95cUxQT0N6MFdfMU9ORmpXZzAxLVFRejljT1NpRW1NX21vWEszNDd4Nm1zeDZHODZuMm0zLXBGMGdqUjlTSTlOOERndDhGOEQzbUpDMUYzQXRRS3c0WE1UNHdrdlBHaHB3dHUwUnJ5dVJad0tta0ZPYVR1NDlLb0c4UlF2NmktQUEtclZveDRPX1dzZVcxY3ZmRG16b19Pd3pvZUVYS05CMlE1ZkNralpDX1E?oc=5,Google News: Philippines: Japan work,google_news,フィリピン,2026-10-03T10:02:08+00:00,2026-10-11T01:35:35.880077+00:00,ニュース（外国人・ビザ）,ニュース（外国人・ビザ）,3,OFW,,,"日本語概要: 在日フィリピン人労働者向けの手続き・支援情報です。 / 原文抜粋: Philippines, Japan explore more employment pathways for OFWs Philippines, Japan explore m…",フィリピンと日本が、海外フィリピン人労働者（OFW）向けの新たな就労ルートの拡大を探っている。,中,
438,Japan’s Specified Skilled Worker visa holders rise to record numbers,https://news.google.com/rss/articles/CBMilgFBVV95cUxPUTJ1cTVKUDFBWHlZaUFXWU5ZRlhEMXFXQ3JyZGdZcGdwX2NHN1g5NElyNDJmTHNYWXJCNzZaUXV2NmExU2hseVRPWFM3c0lhMFFJakNJMm9NWlRkYW9YSDJ1elhtajlhVzdfUVBuRTRsMVk1QkF6Rk1vbFpYSVAyOGhFek1nRF91TmJXRmdTdDRieEk5UVE?oc=5,Google News: Philippines: Japan work,google_news,フィリピン,2026-09-29T07:00:00+00:00,2026-10-11T01:35:35.880005+00:00,ニュース（外国人・ビザ）,ニュース（外国人・ビザ）,8,specified skilled worker;特定技能,,,日本語概要: 日本の特定技能制度に関するフィリピン側の案内です。労働・雇用関連の告知として確認対象です。 / 原文抜粋: Japan’s Specified Skilled Worker visa holders rise to record numbers Japan’s Specified Sk…,日本の特定技能制度で在留する外国人の数が過去最多を更新したことを伝えるニュースで、フィリピンなど海外から日本で働く人材にも関わる動向です。,中,
478,学校の避難所にネットを届ける責任は自治体に、ブテンコ教育・科学相は既存回線の活用を提案,https://news.google.com/rss/articles/CBMia0FVX3lxTE4zWkV1eEVTSjJZcHk5N3FuWnU3eWVOY2xFdjdYMmdRVjFKTXpON0FTajA5SkoyaUhRb3VyNUlhM2VhWmlpQjBBc19mdTF6LVAzblVpSm5uOS02Vi1SQ0xpemgtZ3pqc0RRUVo4?oc=5,Google News: 自治体 日本語教室 補助金,google_news,,2026-10-04T03:54:02+00:00,2026-10-11T01:35:35.879877+00:00,その他,その他,3,自治体,,,掲載元: mezha.net,ウクライナのブテンコ教育・科学相が、学校に設けられた避難所へのインターネット提供は自治体の責任だと述べ、既存の回線を活用するよう提案した。,無関係,
460,育成就労のリアル,https://news.google.com/rss/articles/CBMiXEFVX3lxTE4wX1ZVdnEtX2ZqYWxIemRGb3Z0c3h4UkhnR2dIOW95R1NkOWtkWGpObEw2WUdTVDJsRUFVV1ZaVTZXbTcwZFk1NUw1MHo2OW5nNHBkS0JfMUtMemRF?oc=5,Google News: 育成就労 日本語,google_news,,2026-10-04T02:47:13+00:00,2026-10-11T01:35:35.879838+00:00,ニュース（外国人・ビザ）,ニュース（外国人・ビザ）,4,育成就労,,,掲載元: YouTube,育成就労制度の現場の実情を取り上げたYouTubeの動画コンテンツ。育成就労で働く外国人や受入れをめぐる状況が題材とみられる。,中,
444,育成就労制度開始まで半年 「すらら にほんご」JFT-Basic対策コース追加 ～10月1日提供開始“働く・学ぶ・暮らす”日本語学習を支援～,https://news.google.com/rss/articles/CBMiakFVX3lxTE1YSG5DVm5ubkl3cjBQX0thSmFkSXc5OUlzQzRrR0JFcmtweDFmdkhNTXAyVHhZdjI1NHlsZ2l6QnJSMXdLTXhUREh0dDZOZHNiS0Q5Yzk0ajA5a2ZqRllKemZTMWN4Mk5RMGc?oc=5,Google News: 育成就労 日本語,google_news,,2026-10-01T02:00:02+00:00,2026-10-11T01:35:35.879777+00:00,ニュース（外国人・ビザ）,ニュース（日本語教育）;ニュース（外国人・ビザ）,8,育成就労;JFT-Basic,,,掲載元: PR TIMES,日本語学習サービス「すらら にほんご」が、JFT-Basic対策コースを10月1日に追加し提供を開始した。育成就労制度の開始まで半年を控え、働く・学ぶ・暮らすための日本語学習を支援する。,高,
446,ＪＡＣ 育成就労から特定技能へ スキルアップ 長期的に支援,https://news.google.com/rss/articles/CBMigAFBVV95cUxNX3dXbzZmZzRIRU81YWlwcS1HclQyOU1LSllNbWN6NXR3TzVjOVkya3dmQlg1RGFlc2ZTaFlrX2VHM3ZMM0duTi1GRDB3WUtZZGtXNlJNMVdtM25zLWxibjc1X19oOXRsOUhzWC1FN3cyeHljN1VaUVdEWXoxOVY1Rw?oc=5,Google News: 育成就労 日本語,google_news,,2026-10-01T07:00:00+00:00,2026-10-11T01:35:35.879717+00:00,ニュース（外国人・ビザ）,ニュース（外国人・ビザ）,8,特定技能;育成就労,,,掲載元: 建通新聞,JACが、育成就労で受け入れた外国人材が特定技能へ移行してスキルアップできるよう、長期的に支援する取り組みを進めている。建設分野の外国人材の育成からキャリア形成までを見据えた動きとして建通新聞が報じた。,高,
465,外国人材、都市部への転籍防ぐ手立ては 新制度「育成就労」導入まで半年 岩手県内事業所が知恵絞る,https://news.google.com/rss/articles/CBMiYEFVX3lxTFBzVFExcUtQLUNIOGhfLURCS1hPN1JLbUdCYTM0WVA0dzVneUtQNnJVNHlaYURnQTVINlRQbTk2d3JZOFFLaW9FMDBkY09LVnVMOFV6a2o1aGpOd1pHanRtSg?oc=5,Google News: 育成就労 日本語,google_news,,2026-10-05T03:34:00+00:00,2026-10-11T01:35:35.879669+00:00,ニュース（外国人・ビザ）,ニュース（外国人・ビザ）;その他,7,外国人材;育成就労,,,掲載元: 岩手日報,2027年4月の「育成就労」制度の開始まで半年となる中、岩手県内の事業所が外国人材の都市部への転籍を防ぐ方法を模索している。新制度では一定の条件で本人の意向による転籍が認められるため、受け入れ側は定着に向けた対応を迫られている。,高,
476,2027年4月、技能実習は育成就労へ。育てた人材を特定技能2号に。試験対策から合格後の定着まで一体で支える「UNICO,https://news.google.com/rss/articles/CBMie0FVX3lxTE5WMTQ1dkZwTlA3dFYxZWFUVlJmbndVNWNlZ3p2M1V1QzcyandGQXYyRlZDNlFrQ3Z1QU5kaDRPRjVDTDBlTUpYU1ViQU9rWUJzWHVZNTNyS1ZGcHNRRDlGenpYbV9aNzM5MndDYmVrNnRsSlN2VGtBSDZ5WQ?oc=5,Google News: 育成就労 日本語,google_news,,2026-10-09T03:21:27+00:00,2026-10-11T01:35:35.879607+00:00,ニュース（外国人・ビザ）,ニュース（外国人・ビザ）;その他,11,特定技能;育成就労;技能実習,,,掲載元: ニコニコニュース,2027年4月に技能実習が育成就労へ移行するのを前に、育てた人材を特定技能2号へつなげるため、試験対策から合格後の定着までを一体で支援するサービス「UNICO」が紹介されている。対象は育成就労・特定技能で外国人材を受け入れる企業とみられる。,高,
459,育成就労とは 外国人を育成・確保、技能実習に代わり2027年創設,https://news.google.com/rss/articles/CBMibEFVX3lxTE9MXzNoY0MxSXMtTDNzOW9NbHNDa2I4VFl4ZEpHbUR5VU5KODNWLUg4WE1DWmJxQi01cnRlOF8zVkxEMXY5aEhQdllUd2xzQ0lGZXVpTHg2WkloaHY2ejdUaDNQVjlVUDFNOHhHNQ?oc=5,Google News: 育成就労 日本語,google_news,,2026-10-04T20:00:00+00:00,2026-10-11T01:35:35.879551+00:00,ニュース（外国人・ビザ）,ニュース（外国人・ビザ）,7,育成就労;技能実習,,,掲載元: 日本経済新聞,育成就労制度は、外国人材の育成と確保を目的に、技能実習に代わる制度として2027年に創設される。日本経済新聞が制度の概要を解説している。,高,
442,外国人材「育成就労制度」まで半年 日本語教育担い手確保課題,https://news.google.com/rss/articles/CBMiX0FVX3lxTE8wV2h3cGxMamNwTnJ2cHVTaGJsbEZfRk5nMHp0YlFtb0ZwRGRQb1o5QUFsLUFZV1FwUjVWRk1Qc0tQbTBNY3BWUzROeW0xYkZweVhXZWN1YjV4SGhTQjBB?oc=5,Google News: 育成就労 日本語,google_news,,2026-10-01T07:00:00+00:00,2026-10-11T01:35:35.879486+00:00,ニュース（外国人・ビザ）,ニュース（日本語教育）;ニュース（外国人・ビザ）;その他,11,日本語教育;外国人材;育成就労,,,掲載元: NHKニュース,外国人材の「育成就労制度」の開始まで半年となり、受け入れ外国人への日本語教育を担う人材の確保が課題になっている。,高,
458,27年春開始の育成就労、日本語教育の受け皿7500人分 来日は年15万人,https://news.google.com/rss/articles/CBMibEFVX3lxTE5mWmJRU0dUclotMHRnby1MWG1IWVVCSjJ3dkVlOHVobFlZYVVSZ0c4Vk9YY0NTbUVlNkZqNk9VSTlneFpBUjFpTllpWTRGSHNNczN1dnF5QWR3MzVVaUloM1pWNm1LRzJBZmNMVg?oc=5,Google News: 育成就労 日本語,google_news,,2026-10-04T20:00:00+00:00,2026-10-11T01:35:35.879429+00:00,ニュース（外国人・ビザ）,ニュース（日本語教育）;ニュース（外国人・ビザ）,8,日本語教育;育成就労,,,掲載元: 日本経済新聞,2027年春に始まる育成就労制度で、日本語教育の受け皿が7500人分確保される見通しと報じられた。来日する外国人は年15万人規模になるとされる。,高,
436,メガグループ、特定技能・海外人材の受入支援サイトを開設,https://news.google.com/rss/articles/CBMiakFVX3lxTFBnVVExM0lWbVdYam1lSjFQQW51TWt4LUw3V3JsUTdSN19iVmZWQ3U2U0ZIdkVoR1BVTXZXWi1TSWVLc2huSi1TRmhuazFiaUhCbHNzTFAyR0pTOUZOOU9HMFJGMUw1TDYwVHc?oc=5,Google News: 特定技能 日本語教育 支援,google_news,,2026-09-30T05:21:19+00:00,2026-10-11T01:35:35.879383+00:00,ニュース（外国人・ビザ）,ニュース（外国人・ビザ）;その他,4,特定技能,,,掲載元: ニコニコニュース,メガグループが、特定技能や海外人材の受け入れを支援するサイトを開設した。外国人材の受け入れを検討する企業が対象。,中,
437,自動車運送業の経営者の7割以上が、特定技能に「自動車運送業」が追加されてから1年以上経過した現在も、自社の外国人ドライバーの受け入れ体制は未整備であると回答！,https://news.google.com/rss/articles/CBMie0FVX3lxTE40Znp0Z05pN3FmQUpHWVEtRWNYNkRCMEY1VWVfUTM2b2UtMXRfZzUzLUE4cXYtVFZOaFdSZlRjXzNLbFVpSVE3TlBFTHcxVkY1R0dLY2swOUVsbFBid2VZNUNnOTFzSThLdWhCaW1CM1BXT0NheC1EVXpGaw?oc=5,Google News: 特定技能 日本語教育 支援,google_news,,2026-09-29T07:00:00+00:00,2026-10-11T01:35:35.879271+00:00,ニュース（外国人・ビザ）,ニュース（外国人・ビザ）,4,特定技能,,,掲載元: ニコニコニュース,自動車運送業の経営者を対象とした調査で、7割以上が、特定技能に「自動車運送業」が追加されて1年以上たった現在も、自社の外国人ドライバーの受け入れ体制は整っていないと回答した。,高,
472,MIRAI、インドネシア現地校での『講師勉強会』を10月より一層強化！特定技能「介護」の指導品質向上と早期定着へ向け体制拡充,https://news.google.com/rss/articles/CBMiakFVX3lxTFAxcFItbmxYZU1iUTdrUS1lZUtNeXFOWTQzMDhNNlhZRHdOZUJZX2FIWXM3bXU2VXZOQ1B4bUJ4UWtSQ0FOaE1zQTBhYmV4dlE4empVbDZlaHlrUnZxZTJCYjRNNWlSeXc0Qmc?oc=5,Google News: 特定技能 日本語教育 支援,google_news,,2026-10-05T04:10:01+00:00,2026-10-11T01:35:35.879195+00:00,ニュース（外国人・ビザ）,ニュース（外国人・ビザ）;その他,4,特定技能,,,掲載元: PR TIMES,MIRAIが、インドネシア現地校で行う講師勉強会を10月から強化する。特定技能「介護」で来日する人材への指導品質を高め、早期定着につなげる狙い。,高,
469,G.A.グループ、外国人材向け求人サイト「GAwork」をオープン。多言語サポートと入社後フォローで最適なマッチングを実現,https://news.google.com/rss/articles/CBMiaEFVX3lxTE5HcUpWMG56MWVHWWhCVlhwYUNLaXdnYTdoYWpnclBFU1RLT1VGZ2FLN1FDeTB4ZTRvdHhxd0FUTng0UzUtSVJyNmQzLWktTkJlNThjRWRKWk9nRkJGanFCUHZiTUJSYk5k?oc=5,Google News: 特定技能 日本語教育 支援,google_news,,2026-10-06T03:51:24+00:00,2026-10-11T01:35:35.879146+00:00,ニュース（外国人・ビザ）,ニュース（外国人・ビザ）;その他,3,外国人材,,,掲載元: ニコニコニュース,G.A.グループが、外国人材向けの求人サイト「GAwork」をオープンした。多言語でのサポートと入社後のフォローにより、外国人材と企業の最適なマッチングを目指す。,中,
434,千葉県内の留学生、過去最多2万799人…ミャンマーが急増,https://news.google.com/rss/articles/CBMiZkFVX3lxTE9kRXhmTlNNbzFQdW9MNU84YmJEY3d4dThSSS0yOVF2aV92cFNtWVJCdkkxVmdBdWs4WGdab3hJLWhkMzhobzVDbGpkclJia0JHeDgzcGtTRUpySDZ2bjVBQXhZUkNkQQ?oc=5,Google News: 認定日本語教育機関 留学生,google_news,,2026-09-29T07:00:00+00:00,2026-10-11T01:35:35.879076+00:00,ニュース（日本語教育）,ニュース（日本語教育）,3,留学生,,,掲載元: リセマム,千葉県内の留学生数が過去最多の2万799人となり、ミャンマー出身者が急増している。,中,
468,2027年度鳥取市グローバル人材育成事業、旅行代理業務に係る公募型プロポーザルの実施,https://news.google.com/rss/articles/CBMiUEFVX3lxTE5MT0pxZDB3MlZwT3hYOHV3R1BLQ0VUUm5kUVMybWdacTdUNEo5ZUVGM3I2cUFLTXV2R2tzZS1ZNUw3MWMwSUVERjFKMUpqOU1w?oc=5,Google News: 日本語教育 公募,google_news,,2026-10-09T22:21:09+00:00,2026-10-11T01:35:35.879024+00:00,公募・補助金・プロポーザル,公募・補助金・プロポーザル;その他,9,公募;プロポーザル,,,掲載元: トラベルボイス｜観光産業ニュース,鳥取市が2027年度グローバル人材育成事業における旅行代理業務の委託先を、公募型プロポーザルで募集する。対象は旅行代理業務を担う事業者。,低,募集内容は旅行代理業務が中心のため、Nihongo Catch! が単独で応募するのは難しい。ただし、グローバル人材育成事業の中で語学研修や事前の日本語学習が必要になる場合は、旅行会社との連携による提案の余地がある。
464,【今年度ラスト】【募集期間を”再”延長！】令和8年度宮崎県外国人材定着促進支援事業費補助金について,https://news.google.com/rss/articles/CBMiogFBVV95cUxOWEt1LWFINm5KbTNzMk45bi1DYjZ2S1Z5UHhudVpTaHVYWDRHRE5QQU1uUE9zUm9CRzZVelhaVVZLY2tENlFWTGVaSzNEZ2VXT25TNmttSS1TNWJyLWxMempqRENNU1hXd2ZScHNCRFdaVXVUOVdaekRUQWFKU1p2d0x4NjdvSERZS0g5bzFaWXYya2tMT05kSVJpRURxRVZsekE?oc=5,Google News: 日本語教育 公募,google_news,,2026-10-02T07:00:00+00:00,2026-10-11T01:35:35.878946+00:00,公募・補助金・プロポーザル,公募・補助金・プロポーザル;ニュース（外国人・ビザ）;その他,11,補助金;補助;外国人材,,,掲載元: 宮崎県,宮崎県が令和8年度の外国人材定着促進支援事業費補助金について、今年度最後の募集期間を再延長した。,高,宮崎県内の受入企業や登録支援機関が補助金を活用して外国人材の日本語学習に取り組めるよう、Nihongo Catch!を定着支援の学習手段として提案できる可能性がある。
457,日本語教育能力検定試験、CBT方式へ全面移行 | 全国47都道府県で年間を通じた受験が可能に,https://news.google.com/rss/articles/CBMiakFVX3lxTFBIaUg4Z1dBS2dOc1dZR0hKR1NlVDFxNEpucTNjUlVrZzdYNjYtRVo1RkpHOUNNVEh4Rm5ORXp4dnFjSDliV3ltcXhqVEtYZDZQRmJHR1phMHhDZGNlMldGRl9wejNYdnMxMUE?oc=5,Google News: 日本語教育 補助金,google_news,,2026-10-05T01:00:02+00:00,2026-10-11T01:35:35.878876+00:00,ニュース（日本語教育）,ニュース（日本語教育）,4,日本語教育,,,掲載元: PR TIMES,日本語教育能力検定試験がCBT方式へ全面移行し、全国47都道府県で年間を通じて受験できるようになる。日本語教師を目指す人や日本語教育関係者が対象。,中,
467,人材確保と日本語教育をまとめて支援 Growth Partnersと「まなびね」が連携 外国人材の採用から日本語学習・生活定着まで一体支援 人手不足に悩む企業の受け入れ負担を軽減し、外国人材の活躍と長期定着を後押し,https://news.google.com/rss/articles/CBMiX0FVX3lxTE1iQ1YwcGQyMWlhbW1pa01rXzZhVUdPZUQ5WjNkZGRtSTZ5QWZyek82ZmJPVXdHM0Q3ZmpCQy1pTmJwNmJoZ05YS20wcGZadUdyZHVVZnlJWmJIOVNLeDlz?oc=5,Google News: 日本語教育 補助金,google_news,,2026-10-06T15:40:13+00:00,2026-10-11T01:35:35.878799+00:00,ニュース（外国人・ビザ）,ニュース（日本語教育）;ニュース（外国人・ビザ）;その他,7,日本語教育;外国人材,,,掲載元: 千葉テレビ放送株式会社,Growth Partnersと「まなびね」が連携し、外国人材の採用から日本語学習、生活定着までを一体で支援する取り組みを始める。人手不足に悩む企業の受け入れ負担を減らし、外国人材の長期定着を後押しする。,高,
470,AJALTとAIサプリが育成就労制度対応の100時間日本語講習・日本語学習支援プログラムを提供,https://news.google.com/rss/articles/CBMiakFVX3lxTE9rYVVydzNVaTZ4bFRyMmVZdHNLUnpncGJ1SGk1RUt0N2NLZk5ERXhOcERnN3RwRENnLXRMaTRNX2xCd3hHYjkwQWUxUGlZeHlxMi1NU01QM0k0aXJEN01nUGRuR0E0T2lEd3c?oc=5,Google News: 日本語教育 補助金,google_news,,2026-10-08T00:00:01+00:00,2026-10-11T01:35:35.878698+00:00,ニュース（外国人・ビザ）,ニュース（外国人・ビザ）,4,育成就労,,,掲載元: PR TIMES,AJALTとAIサプリが、育成就労制度に対応した100時間の日本語講習と日本語学習支援プログラムを提供する。育成就労で働く外国人材の日本語習得を支援する内容で、PR TIMESで発表された。,高,
462,人材確保と日本語教育をまとめて支援 Growth Partnersと「まなびね」が連携,https://news.google.com/rss/articles/CBMiYkFVX3lxTE5Palc4UFV5cWZjNTEtZ3lIMVk3OXBoYnNHVWRBb0g5QjVEcjE1dDhxdWNfZkpmdGttazk0ZmVKN0FkRWtQbjVZTXJRMVRsVkJfN3otMUJUMC11bTJiNmhCaUJB?oc=5,Google News: 日本語教育 補助金,google_news,,2026-10-06T00:45:00+00:00,2026-10-11T01:35:35.878247+00:00,ニュース（日本語教育）,ニュース（日本語教育）;その他,4,日本語教育,,,掲載元: アットプレス,人材確保と日本語教育をまとめて支援する取り組みとして、Growth Partnersと「まなびね」が連携した。,中,
441,群馬県と明光キャリアパートナーズが提携。「令和8年度 介護分野技能実習生等日本語研修事業」を実施,https://news.google.com/rss/articles/CBMiakFVX3lxTFAzQjREVnRCc1lHRFNkbC1JMXlHTXNpVndmRExGZmlDVmpreS1JeFFxMmFDLWh4aVVCWjVIS1BvTndjTjdBWTJxZnZWNzNGZjh3R0dqeGdoUkF0T3M4RjBGenJETENhTkRwbWc?oc=5,Google News: 自治体 日本語教室 補助金,google_news,,2026-10-01T01:00:03+00:00,2026-10-10T02:08:39.014941+00:00,ニュース（外国人・ビザ）,ニュース（外国人・ビザ）;その他,3,技能実習,,,掲載元: PR TIMES,群馬県と明光キャリアパートナーズが提携し、介護分野で働く技能実習生などを対象とした「令和8年度 介護分野技能実習生等日本語研修事業」を実施する。,高,
450,トビタテ！留学JAPAN 第2ステージを2028年度まで1年延長！「新・日本代表プログラム」高校生等対象（第12期）及び大学生等対象（第19期）の募集を開始します,https://www.mext.go.jp/a_menu/kokusai/tobitate/1422994_00017.htm,文部科学省 報道発表,page,,,2026-10-09T02:49:33.750433+00:00,公募・補助金・プロポーザル,公募・補助金・プロポーザル;ニュース（日本語教育）;その他,3,留学生,2029-01-31,,Source page: https://www.mext.go.jp/b_menu/houdou/index.htm / このたび、2027年度までの5年間としていた第2ステージの実施期間を2028年度まで1年延長することとし、第2ステージから実施している「新・日本代表プログラム」の高校生等対象（第12期）及び大学生等対象（第19期）の派遣留学生の募集を行います。 / 留学JAPAN公式ホームページ 報道発表表紙 (PDF:362KB) 別添1：【高校生等対象】第12期派遣留学生募集要項 (PDF:1.5MB) 別添2：【大学生等対象】第19期派遣留学生募集要項 (PDF:1.2MB) 別添3：支援企業・団体 (PDF:100KB)… / 4日以上1年以内の留学計画が対象 留学期間がロング（125日以上）の留学計画の場合、2029年1月31日（水曜日）までに留学を終了する必要があります。 留学開始時期 2027年7月10日（土曜日）～2028年3月31日（金曜,文部科学省と日本学生支援機構が、トビタテ！留学JAPAN第2ステージを2028年度まで1年延長し、日本人の高校生等（第12期・600名）と大学生等（第19期・250名）を対象とする「新・日本代表プログラム」の派遣留学生募集を始める。募集要項は2026年10月1日に公開され、月額奨学金12万円または16万円や留学準備金などの支援があり、留学の終了期限は2029年1月31日。,低,対象は日本人の高校生・大学生の海外派遣留学であり、外国人材向けの日本語講習を行う Nihongo Catch! の応募対象ではないため、直接の応募や提案は難しい。
429,増える外国人新生児、群馬は13人に1人 学外の日本語教育広がる,https://news.google.com/rss/articles/CBMibEFVX3lxTE9xWFJROHF2cml5Zm9SVVBWRWV5Q3p4b1JqWXFGd1pFdUR0a2RLTVZUZFo3c3lUVFprRTVrMkxxR2NlZ1dEZGpHN3o1dDRROHAxcjJGTjl4aDhFLTNaRWFTQnJuclJ3UG02V3lPSA?oc=5,Google News: 愛知県 外国人児童生徒 日本語教育 補助金,google_news,,2026-09-25T07:00:00+00:00,2026-10-09T02:49:33.748429+00:00,ニュース（日本語教育）,ニュース（日本語教育）,4,日本語教育,,,掲載元: 日本経済新聞,群馬県では外国人の新生児が13人に1人にのぼり、増加が続いていると日本経済新聞が伝えている。学校の外で子どもが日本語を学ぶ教育の取り組みが広がっている。,中,
471,"約1,000名の外国人材が集まる「WEWORLD CAREER EXPO」で、日本語スピーキングテスト「Japrise」を無償提供",https://news.google.com/rss/articles/CBMie0FVX3lxTE9uaVhqWkhsaGU2bkVvYWlYb3FRMFN4NWRZQmZiQl9tSHRKYkYwZWY2bGlrcXMyMzZYdE9JQUdrbDFfUFMzWU91Y3BISm9oM05uU014bVJkb3FMLV8yd3h5T2tPQUduRllSZWtYYmxhQXQ3cV96VkluZkZwZw?oc=5,Google News: 在留資格 留学生 日本語教育,google_news,,2026-10-07T14:18:32+00:00,2026-10-09T02:49:33.747899+00:00,ニュース（外国人・ビザ）,ニュース（外国人・ビザ）;その他,3,外国人材,,,掲載元: ニコニコニュース,"約1,000名の外国人材が集まる「WEWORLD CAREER EXPO」で、日本語スピーキングテスト「Japrise」が無償提供される。外国人材の日本語力を測る機会として、就職・採用の場で活用される。",中,
428,"Zenken、外国人介護人材向け教育プログラムの受講者数がのべ1,000名を突破",https://news.google.com/rss/articles/CBMiaEFVX3lxTFBjeVBfMXNZNE9zZTFUNEE0aUFiZXdNdHJXYWRWUWpqNE51aGdrV1E2RjUxVnhaRGhiWWFzeFdQaU9lUGRaSmFWdG90bm5nTzE2bWdxdnVLbzVudERWYVRUZ2t3cWs4QXk5?oc=5,Google News: 特定技能 日本語教育 支援,google_news,,2026-09-25T07:00:00+00:00,2026-10-09T02:49:33.747690+00:00,ニュース（日本語教育）,ニュース（日本語教育）;その他,7,外国人介護人材;介護人材,,,掲載元: 朝日新聞,"Zenkenが提供する外国人介護人材向けの教育プログラムで、受講者数がのべ1,000名を突破した。",高,
440,登録実践研修機関・登録日本語教員養成機関の登録結果,https://www.mext.go.jp/b_menu/shingi/daigaku/toushin/attach/1420729_00020.htm,文部科学省 報道発表,page,,,2026-10-08T02:34:41.369303+00:00,ニュース（日本語教育）,ニュース（日本語教育）,4,日本語教育,,,Source page: https://www.mext.go.jp/b_menu/houdou/index.htm / 日本語教育機関認定法ポータル 登録実践研修機関・登録日本語教員養成機関案内（別のサイトへリンクします。 / 4．過去の登録結果 過去の登録結果概要 (PDF:47KB) 【登録法人・機関一覧】実践研修機関 (PDF:197KB) 【登録法人・機関一覧】日本語教員養成機関 (PDF:207KB) 過去に登録された機関を含めた機関の一覧については、「日本語教育機関認定法ポータル」の「登録実 / 3．登録結果一覧 令和8年度1回目登録実践研修機関・登録日本語教員養成機関の登録結果一覧 (PDF:198KB),文部科学省が、日本語教育機関認定法に基づく令和8年度1回目の登録実践研修機関・登録日本語教員養成機関の登録結果を公表した。実践研修機関は申請34機関のうち23機関、日本語教員養成機関は申請36機関のうち27機関が登録された。,中,
463,あきやフリースクール「たね」2026年10月に八街に開校！ 空き家再生・不登校支援・日本語教育 ３つの社会課題解決を目指す,https://news.google.com/rss/articles/CBMiakFVX3lxTE9vbzZuUVRDdF9VWm0zZG1BUTl0NlI0TW83NUhKNFA4WHJLM0Y2VTVWNV91UHJIMUZpNU04ZVNHeVh6bHlrZ0x5NExvaEZzRmhHVDVtclVZR3Vub3lCd2U3a0JkYWxxbEJQdVE?oc=5,Google News: 日本語教育 補助金,google_news,,2026-10-05T01:30:01+00:00,2026-10-08T02:34:41.366894+00:00,ニュース（日本語教育）,ニュース（日本語教育）,4,日本語教育,,,掲載元: PR TIMES,あきやフリースクール「たね」が2026年10月に千葉県八街市で開校する。空き家再生、不登校支援、日本語教育の3つの社会課題の解決を目指す取り組み。,中,
423,"Kerja ke Jepang Jangan Asal Berangkat, Wamenaker Tekankan Kompetensi dan Bahasa",https://news.google.com/rss/articles/CBMivAFBVV95cUxPT096bDRtbUFHTHFZdlhLTVR4UTZpUFQxLTVDTXZlWGIydENoblA4S18zRUsxZVRVMEw2SHlqdHY0M3BfQ0NQby1FVldlcUF3ZW15UUhOcjBVRzk5WkxVZVdXaktwZmp3blVIOVJQVW9nZmVzSDNLNE1EcjI2NUJOakdXcWh0UVpZRUxoNzFya1FFR3NlcmwtZi1lOVpQdHQ3aW1GbWFFRTJLeG5QM3FMOV9GRTVnc3IxeDJMMQ?oc=5,Google News: Indonesia: Japan workers,google_news,インドネシア,2026-09-23T06:06:58+00:00,2026-10-07T02:08:58.877481+00:00,ニュース（外国人・ビザ）,ニュース（外国人・ビザ）;その他,7,外国人材;EPA;Jepang,,,"日本語概要: インドネシア発の日本就労・外国人材関連情報です。 / 原文抜粋: Kerja ke Jepang Jangan Asal Berangkat, Wamenaker Tekankan Kompetensi dan Bahasa Kerja ke …",インドネシアの副労働大臣が、日本で働く希望者に対し、準備なしに渡航せず、職務能力と日本語力を身につけたうえで向かうよう呼びかけた。,高,
461,Trường Cao đẳng Đà Nẵng triển khai hợp tác chiến lược cùng Trường Đại học Quốc tế SAPPORO và các doanh nghiệp Nhật Bản,https://news.google.com/rss/articles/CBMigwJBVV95cUxQZXVVYW1rVWd6R2JWYTV1a1pkUDg2WTBsb1kwUGVtZEx3cEktSGxUMlI3blo2SmdaTUx1N25WWjNseUxqdEo0VjFyQTlGdGdlcFg4aXJ1RlMtUGJXMG40Ukl4YmlocGlYY2VkRDV6bTljbzlxeWU3bzFQZHBraFlTVDFncFAxZ3M4Mkpud0lBN2txeVg4OG5telFNYTRsM2NaY0VjcS1wUFYwUUk3Mm51WUg3M0JSWDc5SVJ1dmg5amh5MUY2cVI1TDJ2OVJrYVhYVHdsX2dRdURwRGxyNUtrR1hQVndlc2VpbVQ1aTlKRkdXY1IwWEJpQjFBSFN5T1FpSGtn?oc=5,Google News: Vietnam: Japan workers,google_news,ベトナム,2026-09-23T03:53:00+00:00,2026-10-06T02:43:58.198311+00:00,ニュース（外国人・ビザ）,ニュース（外国人・ビザ）;その他,4,外国人材;Nhật Bản,,,日本語概要: ベトナム発の日本就労・外国人材関連情報です。 / 原文抜粋: Trường Cao đẳng Đà Nẵng triển khai hợp tác chiến lược cùng Trường Đại học Quốc tế SAPPORO…,ベトナムのダナン短期大学（Trường Cao đẳng Đà Nẵng）が、札幌国際大学および日本企業と戦略的な協力を進める。日本での就労・留学を目指す人材の育成連携にかかわる動きとみられる。,中,
424,"Wamenaker Tegaskan, Kompetensi dan Bahasa Jadi Bekal Kerja ke Jepang",https://news.google.com/rss/articles/CBMilAFBVV95cUxQNmlxQzc1bG1jRENGQnFtTkJINnpBWUxQNlR2UGFPU1BHeWwzRVQ4SDhPdUk2cGlDVVhDYTZDWlRON012b0xTNGFLckg3eVBCM3VPS0VFYVB4VjViUUV1RDdOZU40UmdlTHp4Sm12ZDladmdFdU1weXRnc3hjQ082cWQ1aWlIeHE2a3R3VFlKbjBhX3VI?oc=5,Google News: Indonesia: Japan workers,google_news,インドネシア,2026-09-23T01:59:31+00:00,2026-10-06T02:43:58.198260+00:00,ニュース（外国人・ビザ）,ニュース（外国人・ビザ）;その他,7,外国人材;EPA;Jepang,,,"日本語概要: インドネシア発の日本就労・外国人材関連情報です。 / 原文抜粋: Wamenaker Tegaskan, Kompetensi dan Bahasa Jadi Bekal Kerja ke Jepang Wamenaker Tegaskan, …",インドネシアの労働副大臣が、日本で働くには職業能力と日本語力が必要になると強調した。日本への就労を目指すインドネシア人材が対象。,中,
420,外国人母子支援の現場で医療通訳はどう使われているのか―自治体保健師と医療通訳者が語るオンラインイベントを開催―,https://news.google.com/rss/articles/CBMiW0FVX3lxTE5oOG4yaVdlOFp5UEtRMDY0SjJhY2czenFUZDdmM3Nsclo4WTIyeTF6LU9lLVFjYm1WenVEYU1nSjktcks3bFVaWDVfRElBWWl0RFB2dGcyUFVSUGM?oc=5,Google News: 外国人材 補助金 自治体,google_news,,2026-09-22T07:00:00+00:00,2026-10-06T02:43:58.198097+00:00,その他,その他,3,自治体,,,掲載元: PR TIMES,外国人母子支援の現場で医療通訳がどのように活用されているかを、自治体の保健師と医療通訳者が語るオンラインイベントが開催される。,低,
466,【2026年最新】全国旅行支援 ・宿泊割引まとめ｜自治体の割引クーポン・キャンペーンをエリア別に解説 - hojyokin-portal.jp,https://news.google.com/rss/articles/CBMiZEFVX3lxTE9OeUVNclZwRGJIV19BOS1HSklvQzNWcGFfVWVjcDktNGU5elhXNXZ4ekZ5TTZTZ0dMcGNuS25HVlpWSG1nVWwySTczU3FUY0J6TElMTmE1N1lzT3hpMHB4NzBKSlA?oc=5,Google News: 東京都 在住外国人 支援事業 助成,google_news,,2026-10-02T07:00:00+00:00,2026-10-06T02:43:58.198037+00:00,その他,その他,3,自治体,,,,2026年の全国旅行支援や自治体の宿泊割引クーポン・キャンペーンをエリア別にまとめた旅行者向けの解説記事。,無関係,
413,育成就労送出機関リストにミャンマー・ユニティが追加されました！,https://news.google.com/rss/articles/CBMiekFVX3lxTE5DcENnYzVXaExINF9uOVlyZlFzZFI1WjZQajJ2U2Z0LUhkaDB5V183Y2JwWkNCelpmRjNHMEs2UEN4RjJWNV9EWFlydlhLajRldHBTRWJ0TnNYS2xuWEozcTZERnhpSzNDQVl2OHloNGp3UmhxRTByclpB?oc=5,Google News: 育成就労 日本語,google_news,,2026-09-23T07:00:00+00:00,2026-10-06T02:43:58.197961+00:00,ニュース（外国人・ビザ）,ニュース（外国人・ビザ）,4,育成就労,,,掲載元: Infoseek,育成就労制度の送出機関リストに、ミャンマーの送出機関「ユニティ」が新たに追加された。育成就労で外国人材を受け入れる企業や監理・支援団体が対象となる情報。,中,
433,シンク・スリーがネパールの教習所・日本語学校・人材送出機関と戦略協定を締結／外国人ドライバー向けに来日前から日本式運転教育を実施する体制をネパールに構築 | 株式会社シンク・スリーのプレスリリース,https://news.google.com/rss/articles/CBMiakFVX3lxTE1tUERzWUt4SF9vQVYyc05ORENKVEhweVRkRThQYjlZQUVTejhTS05VVFEtVGFuODY3Q1FEVVhzLUxpYmVqVGl0SmE0cnpOdHMzdUFSaTBqd1d3ZXZ5ZHRaWDRiZHRVZVNoWWc?oc=5,Google News: 特定技能 日本語教育 支援,google_news,,2026-09-29T01:00:03+00:00,2026-10-06T02:43:58.197709+00:00,ニュース（日本語教育）,ニュース（日本語教育）;その他,4,日本語学校,,,掲載元: PR TIMES,株式会社シンク・スリーが、ネパールの教習所・日本語学校・人材送出機関と戦略協定を結び、外国人ドライバー向けに来日前から日本式運転教育を行う体制をネパールに構築した。,中,
432,Monoxer（モノグサ）、学習塾・日本語学校の2市場で導入シェアNo.1,https://news.google.com/rss/articles/CBMiakFVX3lxTE9HeVloYk9Ccno4dDBuTEsxSFJ0WTItRkdyU0EtYjNZQVZUVTRwaUhva2NDY2NNTlN4Z3dNSHVoOUU1eVlxUEFWWGdta0tQa0xVdDN6NExHMHZOVWhSOGd1anBGdHgxeTIzMmc?oc=5,Google News: 日本語教育 プロポーザル,google_news,,2026-09-29T01:00:03+00:00,2026-10-06T02:43:58.197580+00:00,ニュース（日本語教育）,ニュース（日本語教育）,4,日本語学校,,,掲載元: PR TIMES,記憶定着支援アプリ「Monoxer（モノグサ）」が、学習塾と日本語学校の2市場で導入シェアNo.1になったとPR TIMESで発表された。日本語学校向け学習ツールの競合動向にあたる。,中,
453,シリーズウェビナー『みらいにつながる日本語教育』最終回〔申し込み受付中〕,https://news.google.com/rss/articles/CBMiakFVX3lxTE44bkdlWm1McUlRc1d6QzZxd0ZtZUliV3NEMTBOeDVnd3BBYVdjLWkwZU9ZVFFzWkp2NnBNOU40dzR2bS1RVlRXbEtxZnd5WkxqMEpGYTV5TXFjUlFGRkNwbU5vaDZockNDc2c?oc=5,Google News: 日本語教育 補助金,google_news,,2026-10-02T21:00:02+00:00,2026-10-06T02:43:58.197513+00:00,ニュース（日本語教育）,ニュース（日本語教育）,4,日本語教育,,,掲載元: PR TIMES,シリーズウェビナー「みらいにつながる日本語教育」の最終回が開催され、現在申し込みを受け付けている。日本語教育に関わる人を対象にしたオンラインセミナーで、PR TIMESで告知された。,中,
456,"Từng chán ghét việc học, trở thành thủ khoa tốt nghiệp ĐH ở tuổi 27",https://news.google.com/rss/articles/CBMirwFBVV95cUxOWlNEQ1ZpMEdFcGYzazEzYWNUODRRanp1RTE0ZEJVWnhEekFqbWl5V2d6NU9KcTRhSHVkalY1YjZGd01NWmJyMjN1OE9BZU9pU2gyVWo5Tkt1RHZuanluQ0xBN0w5R2JVODBTN3ZtYUlXUW1WWUpaWGJKLUlzLWpzc2lKYU9wb3VqalVhdm5Sak0ydE1MUm9kcmMxVEItNHo5ZVE3VW45bDRnb0c5YkdR?oc=5,Google News: Vietnam: Japan workers,google_news,ベトナム,2026-10-03T11:22:00+00:00,2026-10-05T01:39:52.345272+00:00,ニュース（外国人・ビザ）,ニュース（外国人・ビザ）;その他,3,外国人材,,,"日本語概要: ベトナム発の日本就労・外国人材関連情報です。 / 原文抜粋: Từng chán ghét việc học, trở thành thủ khoa tốt nghiệp ĐH ở tuổi 27 Từng chán ghét việc h…",ベトナムで、かつて勉強を嫌っていた人物が27歳で大学を首席卒業したという人物紹介の報道。,低,
425,Wamenaker Tekankan Kompetensi dan Bahasa Asing bagi Pekerja Indonesia yang Ingin ke Jepang,https://news.google.com/rss/articles/CBMivwFBVV95cUxPUnhNNmtVRVNhT1JIaktaT2o2dmxVM3NiN1lqMjJOOTRXc0dTeGdnT3p6UlJBWmtVbGhiTFJEMlYzQ1VLcUpDYUZjT2JJN3B3bnZpczd5T0sxWEk5Q202d0dpMV80M042OHVQR01RM2Jtd1dBSTB2V3JtOUUxdWRFcHhyS3pkYlhTQ2xDa05KSnN6a0doZzV2R0hsZGtveGpYNk1jTm5CanItRXBRaGpxRWJkV2VINy0wNDFMLXlMNNIBxAFBVV95cUxPOTlhME1BeXFaQXg1VHI0THU3WGlUdFdBcHM0RVFfajg5aGNXYzBDX0xBWi1fX2FHMWlMb3I5T2tGWFpwS2lQcnRrQWwxSkNsRWc4SmhBRDJtMmF3T0J1dTQzbkF0c2paclpvU1hDZWJzVEhxQVBBN0xENHNXYWg3UGw3dGNjRG9kU0dMNnZuSU41Vm5NY0VsRzZjZ3ZSOTE1Y3JLUjlVVTF0Z05RZElmTW8yQTBib3hkdTZSNkJhRWVkOFFj?oc=5,Google News: Indonesia: Japan workers,google_news,インドネシア,2026-09-23T04:37:36+00:00,2026-10-05T01:39:52.345165+00:00,ニュース（外国人・ビザ）,ニュース（外国人・ビザ）;その他,9,外国人材;EPA;Jepang;pekerja,,,日本語概要: インドネシア発の日本就労・外国人材関連情報です。 / 原文抜粋: Wamenaker Tekankan Kompetensi dan Bahasa Asing bagi Pekerja Indonesia yang Ingin ke Jepan…,インドネシアの労働副大臣が、日本での就労を希望するインドネシア人労働者に対し、専門的な能力と外国語（日本語）の習得が重要だと強調した。,中,
445,インドネシア特定技能人材 自動車整備士2026年7・8月度 採用実績発表【アプティグローバル企業動向】,https://news.google.com/rss/articles/CBMiaEFVX3lxTE5aS2ZNb3pZWDVPQ3lBOGpuR19zeGxoamVHdElfdUFVVUF1SVNtbkZqUXFIbkJOdkpMcnRKRTB1ZHBJUDZsOVBZdVBZbmJNLXBabDhTOUktdHhIaTJ0cDltTGtma0hsQkFY?oc=5,Google News: 特定技能 日本語教育 支援,google_news,,2026-09-30T02:10:00+00:00,2026-10-05T01:39:52.344108+00:00,ニュース（外国人・ビザ）,ニュース（外国人・ビザ）;その他,4,特定技能,,,掲載元: ニコニコニュース,アプティグローバルが、インドネシア出身の特定技能人材（自動車整備士）について、2026年7・8月度の採用実績を発表した。特定技能の外国人材を受け入れる企業の動向に関する話題。,中,
431,Kemnaker Dorong Kesiapan Tenaga Kerja untuk Bekerja di Jepang,https://news.google.com/rss/articles/CBMiqwFBVV95cUxQMnFQNldZVmtRWGJ3ckZDWXZsSFh6ck1TU3pUNUhLNTlHU1lsT0tVMzA0MkxwT3RJTVRiXzVMV2liYXBpUlQ1QXVrWWluOXY5NUhnRmRiSUxxQzlqQy1YY1BUbmVsZkdubzFIbXkzSkwwMDZmZnN2T010UVo0c1liaVAxQU9qV1JTbkFqaHphWkdsNUJaSlVjNEZieGNGY2dudEYxYjJqbmhzOUE?oc=5,Google News: Indonesia: Japan workers,google_news,インドネシア,2026-09-22T04:09:03+00:00,2026-10-04T02:26:18.647229+00:00,ニュース（外国人・ビザ）,ニュース（外国人・ビザ）;その他,7,外国人材;EPA;Jepang,,,日本語概要: インドネシア発の日本就労・外国人材関連情報です。 / 原文抜粋: Kemnaker Dorong Kesiapan Tenaga Kerja untuk Bekerja di Jepang Kemnaker Dorong Kesiapan Te…,インドネシア労働省（Kemnaker）が、日本で働くインドネシア人労働者の送り出しに向けた準備を後押ししている。,中,
449,Hiệp hội Ẩm thực Nhật Bản – Việt Nam giới thiệu chương trình tuyển dụng và hỗ trợ đào tạo tại xã Yên Minh,https://news.google.com/rss/articles/CBMi6wFBVV95cUxOOENFaHJkblJYamZvbDBsQVptRHJKWm42LUJBYms4OTdvYlVhT3UyY1p3ZW5Xd29XNF9ERTZiQ01KWEQzM3RfTDRZWlF2cUJ2M1BWTDRaR2Z6ZHpPdHZ1OWhTWC1HUDVWMXhiMndtMW5WWUU1T0NDTWptZEVIRWRVampUUTY0NkRwejBHYTNNOGhqV1ZRNTZTRXZncGlUX29nQTFpQmt4QVp1NmxfZjFDczl6em5qY0JXR3NKWVhVMF9TdjZMVDNSR1VSWlQyekJTbU0yQ2RFTXB3ZDZEY0hMR25BMWItZ1YxeWl3?oc=5,Google News: Vietnam: Japan workers,google_news,ベトナム,2026-10-01T10:59:14+00:00,2026-10-03T01:46:04.276376+00:00,ニュース（外国人・ビザ）,ニュース（外国人・ビザ）;その他,4,外国人材;Nhật Bản,,,日本語概要: ベトナム発の日本就労・外国人材関連情報です。 / 原文抜粋: Hiệp hội Ẩm thực Nhật Bản – Việt Nam giới thiệu chương trình tuyển dụng và hỗ trợ đào tạo…,日本・ベトナム料理協会が、イエンミン社で日本での就労に向けた人材募集と研修支援のプログラムを紹介した。ベトナムから日本へ働きに出る人材が対象。,中,
422,Wamenaker Tekankan Kompetensi dan Bahasa bagi Pekerja Indonesia yang Ingin ke Jepang,https://news.google.com/rss/articles/CBMiugFBVV95cUxPRFJhZ3RFSUlqa3FTWndVTnpZdUNHMXpKTW9KSXVZZ0xqb0E1MzZzOWM5MGs3c1BJcnk1R1gxdWdFTkROQU5fSlQ4VTdjSmZFdFZEMGhzZXQ1UFk1ejZhZkdiTXpDQmM4TUVZa2xBUDlCSEZaWlVKM2pZaHNtc3VkR285Rm12RkpQWENqaFZxQ2tZUFYyT0RIbmhZekhMNEZwVUcwRUUyNFp2MmpFaFJPUHR6QXJqU2wyamfSAcIBQVVfeXFMTlg0SVdrUFctQ2ltQUxPRG9WbUItUEFGQjhvbXQ5cFJZcy1leUVRalZKM2pnb2dtUGpwRVJYOVgzZTdDU3ZvdjdXblhidm1vaTVGQkp2WTBqc0xZRnlWeS1aLWVJaUo2ak9BeFA2bTdZYkVzeXZHOHY5amdkR2g5c204RmN5emR0N0FzblJHNUxyRWNvbEpsOXgyX21tN2hkWFh3WXBPdElvelhMUXlsSGUtX0tadDdEdXdJV0JaOUpzWnc?oc=5,Google News: Indonesia: Japan workers,google_news,インドネシア,2026-09-23T05:13:45+00:00,2026-10-03T01:46:04.275997+00:00,ニュース（外国人・ビザ）,ニュース（外国人・ビザ）;その他,9,外国人材;EPA;Jepang;pekerja,,,日本語概要: インドネシア発の日本就労・外国人材関連情報です。 / 原文抜粋: Wamenaker Tekankan Kompetensi dan Bahasa bagi Pekerja Indonesia yang Ingin ke Jepang Wame…,インドネシアの副労働大臣が、日本での就労を希望するインドネシア人労働者に対し、専門的な能力と日本語力の重要性を強調した。,高,
421,アフターコロナの「留学」大学ランキング 外国人留学生数は回復も、日本から海外への留学は足踏み状態（AERA DIGITAL）,https://news.google.com/rss/articles/CBMigAFBVV95cUxQbnhUREh1ZDVqN0ZMZHhJYkFJa0s5dVpCeERNYVUxMVFNcmlvQ2FpbUVNLXpqdmMyZ0FYSjNJSlAwVmwwM0I5cl94R0E5NWo5aVJFWUxvOGI4ODRCemF5aEpwYWh0WFRPaWRiZVhvVUQ5blAtVFBMemlHeUdPQldoaQ?oc=5,Google News: 文部科学省 日本語教育 留学生,google_news,,2026-09-23T07:00:00+00:00,2026-10-03T01:46:04.275709+00:00,ニュース（日本語教育）,ニュース（日本語教育）;その他,3,留学生,,,掲載元: ｄメニューニュース,アフターコロナの大学「留学」ランキングを取り上げ、日本の大学で学ぶ外国人留学生数は回復した一方、日本から海外への留学は足踏み状態にあることを伝えている。,中,
301,【第2回開催】物流倉庫分野「特定技能・育成就労」実践ウェビナー開催～第1回のご質問など反映！制度最新情報・他分野の成功事例・採用戦略まで実務を徹底解説～,https://news.google.com/rss/articles/CBMie0FVX3lxTE1IYV83eXVVZWc1Z2ZCaUxNbVMxR2I0UGxmVUc5Z0JZazZhOXNHeG9PMHJaeDFieDlWbGxkZnNFVHVnaHdkZ0hka3BhQ3BlaC1RYjVmSGJYZDVZelVMVlFRMlBxUHNQTjVxLVE5V25GUkI3WWlXQWRvUkNTTQ?oc=5,Google News: 育成就労 日本語,google_news,,2026-09-19T13:27:38+00:00,2026-10-03T01:46:04.275595+00:00,ニュース（外国人・ビザ）,ニュース（外国人・ビザ）,8,特定技能;育成就労,,,掲載元: 朝日新聞,物流倉庫分野で特定技能・育成就労の人材採用を検討する企業向けの実践ウェビナーが、第2回として開催される。第1回の質問を反映し、制度の最新情報、他分野の成功事例、採用戦略を実務の観点から解説する。,中,
443,技能実習生が日本社会に溶け込むには不可欠なのに…講習施設の存続ピンチ 新制度では採算厳しく,https://news.google.com/rss/articles/CBMiU0FVX3lxTE5XWEZDSWNxQmFfcDkyVjkyZTlUdlNzQUdydXFBcGFTQ1JkN0I2c0U3anJuY0tvNVVUMHkxV2I2cDFtMzd5TGk1WnQ1X0R5UjhmVERN?oc=5,Google News: 育成就労 日本語,google_news,,2026-09-23T07:00:00+00:00,2026-10-03T01:46:04.275526+00:00,ニュース（外国人・ビザ）,ニュース（外国人・ビザ）,3,技能実習,,,掲載元: 東京新聞,技能実習生の入国後講習（日本語など）を担う講習施設が、新制度の育成就労では採算が厳しくなり、存続の危機にあると東京新聞が報じた。日本社会への適応に欠かせない講習体制への影響が懸念されている。,高,
430,福岡の民間団体がフリースクール 自治体と両輪で外国人の子育て支援,https://news.google.com/rss/articles/CBMibEFVX3lxTE1WVVVnQUkwRVY4dHg4WFNTX0hlS3RhT1Q2VklrSHl6d21DUWg5MjJzeHZOMGRpMkwzTjNHaFZORERQTDM3Ui1jcjRyeVpOeGR5TUZZOXI1Vm9FTlNoTHQzUFIyVGtsR2s1Z2tsZA?oc=5,Google News: 外国人材 補助金 自治体,google_news,,2026-09-25T02:00:00+00:00,2026-10-02T02:02:29.968231+00:00,その他,その他,3,自治体,,,掲載元: 日本経済新聞,福岡の民間団体が、外国人の子育てを支えるフリースクールを運営し、自治体と両輪で支援に取り組んでいる。,中,
412,認定取得率約3割の壁に、現場発の完全攻略ガイド登場 ― CSAF『認定日本語教育機関 申請完全攻略ガイド』を9月25日発売,https://news.google.com/rss/articles/CBMiaEFVX3lxTFBPUUgyVjNmYmhjMUFpbEc0OThlNDVXRl96NlVsenRDQ094QnRvTWo3Y2pvQm9ZamxEalFGWTlsNHl2WFpBczhsa0NJYmN6SnJMVDI1cFN1ZUtlcTRGSHZYSDhPUG9LdFhD?oc=5,Google News: 認定日本語教育機関 補助金,google_news,,2026-09-18T07:00:00+00:00,2026-10-02T02:02:29.967892+00:00,ニュース（日本語教育）,ニュース（日本語教育）,10,日本語教育;認定日本語教育機関,,,掲載元: PR TIMES,CSAFが『認定日本語教育機関 申請完全攻略ガイド』を9月25日に発売する。認定取得率が約3割にとどまる中、日本語教育機関の認定申請に向けた現場発のガイドとして紹介されている。,中,
439,"Thông báo tuyển ứng viên điều dưỡng, nhân viên chăm sóc đi làm việc tại Nhật Bản",https://news.google.com/rss/articles/CBMipAFBVV95cUxNNWg0aEFYQzBseVFIRHBKWDlzQzJ5MlM3eWJ4UHRkYkVRWm50WFZicU5nUFdBSWQ0M3FMMk55UklvM2ZLM0dZb3JFTVkzVE9wYzdsazRpQ0JMZXN3TktmV01leUJ5TVJaQkEyTC12OVJyZUFnRnBhUGRBMXlJNzNtQWRqOHQ1emdBSl9kWHRUMERYb013QXZCVDRONHJ0N3FWWnVkRg?oc=5,Google News: Vietnam: Japanese language,google_news,ベトナム,2026-09-16T07:00:00+00:00,2026-09-30T01:52:26.725176+00:00,ニュース（外国人・ビザ）,ニュース（日本語教育）;ニュース（外国人・ビザ）;その他,10,EPA;Nhật Bản;điều dưỡng;介護人材,,,"日本語概要: EPAの看護・介護人材に関係します。 / 原文抜粋: Thông báo tuyển ứng viên điều dưỡng, nhân viên chăm sóc đi làm việc tại Nhật Bản Thông bá…",ベトナムで、日本で働く看護師・介護福祉士候補者（EPA）の募集が告知された。対象は日本での就労を希望するベトナムの看護・介護人材。,中,
435,【ネイティブキャンプ留学】語学学校「EV Academy Main Campus」年末年始の短期留学生向けプロモーションを実施,https://news.google.com/rss/articles/CBMie0FVX3lxTE5pcFRhcUxGTTlrM05MRC05blpsYXNLZDZaN0x0SWJFUDZqc2lBZUxNUGdkRFRrSnBCOEI4bVdhSERfcmFkWHU0dVczcUN6bU9sck1hWjNqX3RUOGxOQktnY3ZrODREU3MxZEx6Q2Vhc1dUREN1M1VGM2lHOA?oc=5,Google News: 日本語学校 入学前教育,google_news,,2026-09-29T20:21:40+00:00,2026-09-30T01:52:26.724538+00:00,ニュース（日本語教育）,ニュース（日本語教育）,3,留学生,,,掲載元: ニコニコニュース,ネイティブキャンプ留学が、語学学校「EV Academy Main Campus」で年末年始の短期留学生向けプロモーションを実施する。,低,
409,広がる地域日本語教室 長崎県内で14自治体、住民との交流の場に [長崎県] [外国人],https://news.google.com/rss/articles/CBMiZ0FVX3lxTE0zV0VtMEMzRnUzeGhlaVcxcWx2M3g5NlpfbjRqOTR1YXhVTzM0a3psbkhDT2taaGQ5MHBVMnhqN0F6cTZwQnota0JES2ZiTGdvSk5rQ3kxWlIxS2lpNXZhMS1WeXpid1k?oc=5,Google News: 自治体 日本語教室 補助金,google_news,,2026-09-15T07:00:00+00:00,2026-09-29T02:30:42.798417+00:00,ニュース（日本語教育）,ニュース（日本語教育）;その他,3,自治体,,,掲載元: 朝日新聞,長崎県内で地域日本語教室を開く自治体が14に広がり、外国人住民と地域住民の交流の場にもなっている。朝日新聞が報じた。,中,
400,小樽市と明光キャリアパートナーズが共催した外国人材活用セミナーのアーカイブ動画を公開！ ～特定技能2号移行を成功させる学習支援の実践ガイド～ | 株式会社明光キャリアパートナーズのプレスリリース,https://news.google.com/rss/articles/CBMiakFVX3lxTE1GemtfVkhkUnlxdVpFZVdWMGJuUGVmQWxRR09BOFprbjZVZkhtMjM3T0hOYkpqZEtqSEQ4Y1lMb3hEWkE4ZGtibmVEVkVEWUJtb29oSjJZVjVBVWx1anktWWpUYWM1SDByaUE?oc=5,Google News: 特定技能 日本語教育 支援,google_news,,2026-09-15T07:00:00+00:00,2026-09-29T02:30:42.798180+00:00,ニュース（外国人・ビザ）,ニュース（外国人・ビザ）;その他,7,外国人材;特定技能,,,掲載元: PR TIMES,小樽市と株式会社明光キャリアパートナーズが共催した外国人材活用セミナーのアーカイブ動画が公開された。特定技能2号への移行を成功させるための学習支援の実践ガイドを扱う内容。,高,
427,日本語学校向けAI日本語学習アプリ「Meshclass」を提供開始,https://news.google.com/rss/articles/CBMiakFVX3lxTE4tNTBWcS15RnVGZHBsTEdvUm1uMXFuZzZ0S19uSUxsNXBVY2h0REh4SjFCS0tGbVZtS2JlcVpQTjlMREVHQlFVcWJOMThBMEN4S3E3TlgyT1dxTjBjSkdjQW9CdmxPWEU2VHc?oc=5,Google News: 日本語教育 補助金,google_news,,2026-09-24T04:00:02+00:00,2026-09-28T01:26:34.829696+00:00,ニュース（日本語教育）,ニュース（日本語教育）,4,日本語学校,,,掲載元: PR TIMES,日本語学校向けのAI日本語学習アプリ「Meshclass」の提供が始まった。発表元はPR TIMESで、日本語学校での学習支援を対象としたサービス。,中,
426,"Wamenaker Ingatkan Calon Pekerja Migran Jangan Tergiur Gaji Tinggi, Pastikan Berangkat Lewat Jalur Resmi - Ringtimes",https://news.google.com/rss/articles/CBMi3gFBVV95cUxQaGN0b0tGS0JhYkZ4bFExYmk0OERaRFRTemdtSFNXRGRLMnBrNlptLXhlMkl0QTE0bWRBWVRlaGxvNVlzVkdHeFk0R2hlQlRaeUxyUzZ3R0FVT1Z1cExTc01QcGptUkJJaTVIZUNtTlV3OEJrMFAtSUMzdUZ4VTBqazlWb3IyNXBMTE95MDBBWG9rc3Myd3dWRmtXYTd4NUdDQlZJZHJycnQyWi1LVWFGd0lKb3lneU9SeVo1MjBRMW4tUEJWLUVtaXVadEJWME1tSEcwRUFsOU5ndkZlWnfSAeMBQVVfeXFMTVh5RjdZcTdaYVZrVlYteVZxNWtvV0lUT0RsMnlLZkQwTlhjbi1TMXA0ZEdUeXFGenowR01IX3dHemQ0dE1zeHFWNWNsRGR4OE5VaHFIUFJZc0lVNjVjNFJYLWlveVRlOUxSeGhmTHRDd0Z3bmdwRTRpaElHUWptcDlwYmdncWw4aHlSUGpwblRpS3ZVeXF3ckNIQWwyVXhIUGJrMGZ5cXFBTDZ3S2x1ZU1TQnV6RkVVRkNsUFE1eEJiajhLc012ZDYwd0pENmdfYm9fbWNjM28tOXBRcGk5MF92UDQ?oc=5,Google News: Indonesia: Japan workers,google_news,インドネシア,2026-09-23T05:25:00+00:00,2026-09-27T01:07:20.899868+00:00,ニュース（外国人・ビザ）,ニュース（外国人・ビザ）,6,pekerja migran;pekerja,,,"日本語概要: 日本就労を目指すインドネシア人候補者向け情報です。 / 原文抜粋: Wamenaker Ingatkan Calon Pekerja Migran Jangan Tergiur Gaji Tinggi, Pastikan Berangkat Le…",インドネシアの副労働大臣が、海外就労を目指す移民労働者候補に対し、高額な給与の誘いに惑わされず、正規ルートで渡航するよう呼びかけた。日本での就労を目指すインドネシア人候補者にも関わる内容である。,中,
333,「外国人材NEXT 2026」9月17日、東京で開催,https://news.google.com/rss/articles/CBMiakFVX3lxTFA3eFhsbFdiRmhCcmV5NFdreVd2UTlaQzByY3hfUEdyZm4xb2hXOXY2SDJlcDktUHY2QjRhYWZRYUFIbVBLRml6R0dJREd5NXNyT0xveVRSLW83WFE0VHdhcUxxUHZYY3pkelE?oc=5,Google News: 外国人材 補助金 自治体,google_news,,2026-09-18T07:00:00+00:00,2026-09-27T01:07:20.899660+00:00,ニュース（外国人・ビザ）,ニュース（外国人・ビザ）;その他,3,外国人材,,,掲載元: 山陽新聞,「外国人材NEXT 2026」が9月17日に東京で開催された。,中,
205,外国人材「確保」と「支援」 岡山県が政策パッケージ 企業説明会や日本語教育,https://news.google.com/rss/articles/CBMiUkFVX3lxTFB5bHZmZWI1X3lsVm83OGZJd2kySVpVU09BS3VKRDBXUFNhVXAyMThMYnNHVXJ6NEJhQVlYNXBpNll5Q2tXWmdNZFR5SWtRanZvUHc?oc=5,Google News: 日本語教育 補助金,google_news,,2026-09-24T07:44:24+00:00,2026-09-27T01:07:20.898235+00:00,ニュース（外国人・ビザ）,ニュース（日本語教育）;ニュース（外国人・ビザ）;その他,7,日本語教育;外国人材,,,掲載元: 山陽新聞,岡山県が外国人材の「確保」と「支援」を柱とする政策パッケージをまとめ、企業向け説明会の開催や日本語教育の充実などに取り組む。,高,
389,"Tak Hanya Sopir Bus, Jepang Juga Akan Rekrut Pekerja Migran Jadi Satpam",https://news.google.com/rss/articles/CBMisgFBVV95cUxOenFxOUkwdzRVWHo5dlptLTR3NEU5UWloYUhKQW9tWmlhcnVjTENmU1daaHBXV05TdGsxdV9zSGxpSnBSdVNtMHZzaEczUVdfRXd6MG9UWGFHNEpXaXc2MTRRQ3RWWWd3aUZzcTZPZk9zMjJRYk95b3dWbkNURm1fb3FjSTRxRFFDYkJBUVc1bEU2TFFZNVE1Y0FlWi1DdEdlOTVJX0hEU19ReUE2THV2WVhB?oc=5,Google News: Indonesia: Japan workers,google_news,インドネシア,2026-09-11T07:00:00+00:00,2026-09-25T01:10:34.959087+00:00,ニュース（外国人・ビザ）,ニュース（外国人・ビザ）,10,EPA;Jepang;pekerja migran;pekerja,,,"日本語概要: 日本就労を目指すインドネシア人候補者向け情報です。 / 原文抜粋: Tak Hanya Sopir Bus, Jepang Juga Akan Rekrut Pekerja Migran Jadi Satpam Tak Hanya Sopir B…",日本がバス運転手に加え、警備員（セキュリティガード）分野でも外国人労働者を受け入れる方針だとインドネシアで報じられている。日本での就労を目指すインドネシア人候補者に関わる動きである。,中,
393,【登録支援機関向けセミナー】2027年4月1日、受入企業は育成就労も選べるようになる,https://news.google.com/rss/articles/CBMiVEFVX3lxTE5DUjV2dWhxVHFkZVY3MkxoWnVQSHRTRnNaT0lSLUJCeWxITHJpSnJqUzVhZVhyLU45Tm1mWVJFTHNWNVRDZmVmN1RNWDl4cjFEM0NDdg?oc=5,Google News: 育成就労 日本語,google_news,,2026-09-11T07:00:00+00:00,2026-09-25T01:10:34.958538+00:00,ニュース（外国人・ビザ）,ニュース（外国人・ビザ）,4,育成就労,,,掲載元: ニコニコニュース,登録支援機関向けセミナーの案内で、2027年4月1日から受入企業が特定技能に加えて育成就労も選べるようになる制度変更を扱う。,高,
407,出入国在留管理庁、大阪で外国人雇用セミナー開催へ 在留資格・特定技能など無料相談 | 黃信維（コウ・シンイ） | ニュース,https://news.google.com/rss/articles/CBMiUEFVX3lxTFA4d0tuUzlQeGZHZEUwOUMzeG9XTm1kcmlhdGNVcVdDeG1QaEJTQXc1T1N2X0dMOVREaFI3ZTZZa0NqS01qNGd3NXVTNjFNZGZp?oc=5,Google News: 出入国在留管理庁 留学生 在留資格,google_news,,2026-09-16T11:29:47+00:00,2026-09-25T01:10:34.958321+00:00,ニュース（外国人・ビザ）,ニュース（外国人・ビザ）,8,在留資格;特定技能,,,掲載元: 風傳媒,出入国在留管理庁が大阪で外国人雇用に関するセミナーを開催する。在留資格や特定技能などをテーマに、無料相談も受け付ける。,高,
419,Đa dạng thị trường nâng chất lượng lao động Việt Nam ra nước ngoài,https://news.google.com/rss/articles/CBMiswFBVV95cUxOMS1zVE1wdXdkcGdTdzBLMkVQaXVjNWNLMTRHTHZjMmdmckhQcG5hakFhNUtHUnY0ZHU1ZDhtb255T1JFNU16THdTaVB2OWlfOWp1WHJPQnlmQTRScG01T2Fud2R3dFpXTm9PTnAtQmRJTEtUUVlrR094VnYyZlk0QXI1OEVUWVE4TFhLQUVSdmx4VlFyVVZiRUY0bWJMMzFfTzBENVFEQXIxX1ZqZ01CSV9tMA?oc=5,Google News: Vietnam: Japan workers,google_news,ベトナム,2026-09-15T07:30:00+00:00,2026-09-24T01:08:45.611100+00:00,ニュース（外国人・ビザ）,ニュース（外国人・ビザ）;その他,6,外国人材;lao động,,,日本語概要: ベトナム発の日本就労・外国人材関連情報です。 / 原文抜粋: Đa dạng thị trường nâng chất lượng lao động Việt Nam ra nước ngoài Đa dạng thị trường nân…,ベトナムが海外への労働者派遣で送り出し先の市場を多様化し、労働者の質を高める取り組みを進めている。日本を含む海外就労を目指すベトナム人材が対象。,中,
415,(毎日新聞)法人側が町議の暴行一部認める 「特定技能」 外国人への暴力疑惑,https://news.google.com/rss/articles/CBMiYEFVX3lxTFBCcGg4SEk0WTNJWXlHbU92WnBiN0M5R1gwM3VzcmdyUndFYkxpQ1AySDlpaGVlZC16bUlvWVUwX3BrRkFRZWE1MUN4UWR4ZmJWTnN0NG1FQzA5VXhKUG1Sbg?oc=5,Google News: 福岡県 外国人介護人材 補助金,google_news,,2026-09-18T20:59:05+00:00,2026-09-24T01:08:45.610493+00:00,ニュース（外国人・ビザ）,ニュース（外国人・ビザ）,4,特定技能,,,掲載元: にしやま行政書士事務所,特定技能で働く外国人への暴力が疑われている問題で、運営法人側が町議による暴行の一部を認めた。,中,
401,広がる地域日本語教室　長崎県内で14自治体、住民との交流の場に,https://news.google.com/rss/articles/CBMimAFBVV95cUxOX3pzWHRRUV94TVN1X3ZtX1Zfb1lxSUdnSWh0M3NhM1VMZjNLSFQ3enNyYjZMZzB6N2UycUNnbFpUR2Q3SmE2Zzd3bjVXOGZmMmF5dHZySTlVZDhEaTkwRjBQRlVLSkdGSFJFc0JqNTZaR3ZwNzNFUVItd195b09WUWxKRXFZUGU3dUNFdzJGcFZ3MXEtVmQtUtIBngFBVV95cUxPbGFtZ3RneC1OeERkOWFpU2lYdWdER1VKRDhwQ1FCdjBsWjNkVnZDVXdMMjhISVhsTkZJVHk5aDRraVdzX3MyWE5kU1hXalJqS3NNYnk2R2IwT08zdDZSak51NkxCSjQyZ2pWa1AzTGxOS2Q5NWhEb2NkS3kyWm03OGpFT3hWS25vWXRBaUwxdG5RSzNMYzFRemh4dXJvdw?oc=5,Google News: 自治体 日本語教室 補助金,google_news,,2026-09-15T02:30:00+00:00,2026-09-24T01:08:45.610428+00:00,ニュース（日本語教育）,ニュース（日本語教育）;その他,3,自治体,,,掲載元: ｄメニューニュース,長崎県内で地域日本語教室を開設する自治体が14に広がり、外国人住民と地域住民の交流の場としても機能していることを伝えるニュース。,中,
417,日本冷蔵倉庫協会主催「外国人材雇用セミナー」へ登壇 ! ～物流現場で本当に活躍する特定技能外国人の「見極め方」と「定着設計」を解説～,https://news.google.com/rss/articles/CBMiW0FVX3lxTE5nZjVRRUVvU2VMMjItdnFDNlFmSlZjU05yRjctYl9rSGY4eUFLdHhpQ05KMXdqbFJSU3dHNXQzN0F6OUozSm1aSU9vdzMwUHpJYVJJZmtHaUFFMUk?oc=5,Google News: 特定技能 日本語教育 支援,google_news,,2026-09-10T07:00:00+00:00,2026-09-24T01:08:45.609899+00:00,ニュース（外国人・ビザ）,ニュース（外国人・ビザ）;その他,7,外国人材;特定技能,,,掲載元: 朝日新聞,日本冷蔵倉庫協会主催の「外国人材雇用セミナー」に登壇し、物流現場で活躍する特定技能外国人の見極め方と定着設計を解説する。対象は物流・冷蔵倉庫業界で外国人材の雇用を考える企業。,中,
385,「まずは日本語勉強から」 介護福祉士めざす留学生の環境に変化【徳島】（2026年9月10日掲載）｜JRT NEWS NNN,https://news.google.com/rss/articles/CBMihwFBVV95cUxPYzJwZW1PNk0yTURHY3hmanBTd1ZvdUU1dlphb0NWSmo1LTZYRnNFYXFnanA1eDg5eEIxa21jSWNISUloY05SallBVGI5cEVnZDlDTkc1ZVhqcVRhM2w0MW92WF9uQ0FEeTNrU3pxeF9ZaUN6UDBvY2t1OC1wZzJVWEEwRDNFUXM?oc=5,Google News: 認定日本語教育機関 留学生,google_news,,2026-09-10T07:00:00+00:00,2026-09-24T01:08:45.609724+00:00,ニュース（日本語教育）,ニュース（日本語教育）;その他,3,留学生,,,掲載元: 日テレNEWS NNN,徳島で介護福祉士を目指す留学生が、まず日本語の勉強から始めるという内容で、留学生を取り巻く学習環境に変化が出ていることを伝えるJRT（日テレNEWS NNN）の報道。,中,
386,「まずは日本語勉強から」 介護福祉士めざす留学生の環境に変化【徳島】（JRT四国放送）,https://news.google.com/rss/articles/CBMiS0FVX3lxTE1RMldJdm1ObUJZdXAzMjMyVjRZNWV3NmlVZl84aEtaOWVxTThOdmpoRXJCLUdqVXpmMVg4Ykx1eU5BbG1WUndsWl94dw?oc=5,Google News: 認定日本語教育機関 留学生,google_news,,2026-09-10T07:00:00+00:00,2026-09-24T01:08:45.609619+00:00,ニュース（日本語教育）,ニュース（日本語教育）;その他,3,留学生,,,掲載元: Yahoo!ニュース,徳島で介護福祉士を目指す留学生が、まず日本語の勉強から始める環境の変化を伝えるJRT四国放送のニュース。認定日本語教育機関で学ぶ留学生の状況に焦点を当てている。,中,
390,Buka Peluang Kerja ke Jepang: PT Obos Ryoshin Indonesia Tawarkan Solusi Karir Berkelanjutan bagi Tenaga Kerja Kuningan - Inilahnews,https://news.google.com/rss/articles/CBMi8wFBVV95cUxNV1pUcmRPZ1lrZW5GUEdoeDF1VHFnSWQxQnJYcVlzUXoxa2FXY2o0VGE3SDNjWGljOGlqSmRyMU9takZKR1RPNVBIOTdKZDNnWGR1V1B1b1pSLUk4VEhQY2l6ZUMzMjdscmdoY2NtNDBRSzQtb0N5akZXa1dwSmVmZDN6VkJuS3k4eDdvV2k5X0xYb0NfbVRMNms3dnpLR1R6NXhpdkxGY29TZDF6ME9wMFk3UEpDcnNTYWhTSE56UHp5SDFKNjU3MGRGU0ktdXpxSC1XbUpjZS1SY194WkZEeVZGVWdxcHFMSWpoejVHeHlqZ0XSAfgBQVVfeXFMTWNJTTVDblVhNXFZVl95WGMzS3ZJcHhNdGYtUWM5bTNseEMxT2Y2eDNlS3h6Ukluc3d5aWY3V3FlczlWWDE5Mk0tSzZsRjVyQnVJeG1BNUtjYXl0NElxdG42MTBnWmZ0UWlYRHBLZTYyc1QySTlaajdoVjJxdDdCVVRrTjFLdE4tNF81QzExaVVjSkRYVUgxTVRQanJ4UkJ6M0ZLNDRibEt2b1ZoLW0wbmMwOGZoUk1OMFRkWk5YX094OTZoMTlFcTBzbHhhUkRWVnZIRHdjODFuMUpOSlVwaXBYNjYxMV9RLWxldWtmMGpyMXk5b1RKcTI?oc=5,Google News: Indonesia: Japanese language,google_news,インドネシア,2026-09-09T10:36:46+00:00,2026-09-23T01:17:29.654626+00:00,ニュース（外国人・ビザ）,ニュース（外国人・ビザ）;その他,7,外国人材;EPA;Jepang,,,日本語概要: インドネシア発の日本就労・外国人材関連情報です。 / 原文抜粋: Buka Peluang Kerja ke Jepang: PT Obos Ryoshin Indonesia Tawarkan Solusi Karir Berkelanjut…,インドネシアのPT Obos Ryoshin Indonesiaが、クニンガン地域の人材に向けて日本での就労機会と継続的なキャリア形成を支援する取り組みを打ち出した。,中,
411,"Tốt nghiệp ngành học này ‘sáng cửa’ sang Nhật Bản, được hỗ trợ 12 tháng học tiếng và nhận 220.000 đồng/ngày/người, lương tới 51 triệu đồng/tháng",https://news.google.com/rss/articles/CBMihwJBVV95cUxNRlJfaEtJeFJ4ak9GVDhJdTJnUlM2TUU3ckV5cjVCZTFjMWJkUk9zNUV1cDhvTFNMWkMzZXZiaF9ZR0pfU0U1cXltVnNSekhrT2hKQjVKc0Z1N1hsM1FYR0Z5cmEwTEN4Tk1yR2xIMTJ2a2ItOHh6c04tck1QOU5Eb3JFZWdlSVJwSDNMVFFhN1hkeDVkWXBkZzFRMG56TkdTUllJSzBxSk1fMHpzOVkzN0NxUmxOYm9ZM0dMY09PRWgxeUZ5eXdDdUd3SmFoeVB2dWtWY3ZiS0hORU10YlFDdXhLNEE4bFdWT2JIRlRsUTMwbzBydVNqdTk2Q3JHdnB4OFVhMThfWQ?oc=5,Google News: Vietnam: Japanese language,google_news,ベトナム,2026-09-17T21:19:01+00:00,2026-09-22T01:28:15.425839+00:00,ニュース（外国人・ビザ）,ニュース（外国人・ビザ）;その他,4,外国人材;Nhật Bản,,,"日本語概要: ベトナム発の日本就労・外国人材関連情報です。 / 原文抜粋: Tốt nghiệp ngành học này ‘sáng cửa’ sang Nhật Bản, được hỗ trợ 12 tháng học tiếng và nhận…","ベトナムで、特定の分野を卒業すると日本で働く道が開けるとして、12か月の日本語学習支援や1日22万ドン（1人あたり）の支給、月収最大5,100万ドンという条件が紹介されている。日本での就労を目指すベトナム人が対象。",中,
396,Home,https://news.google.com/rss/articles/CBMihwFBVV95cUxQbUEzTzVPVHhxZmRBOG5BRHFCWjV2eUpZcXljOThBX01qY3VWb21lS1pvY1duZGRvcHRUel9naUU5V1FGQWNncHlsU25ERDFkX3lpNWdCdFdjb3VWaXdxZTctR0VOLWRJcUdlMTVxNy0wWEZ5RkpGY1h1VHFaQ29Ba1dCZ0djOG8?oc=5,Google News: Vietnam: Japanese language,google_news,ベトナム,2026-09-11T13:26:59+00:00,2026-09-22T01:28:15.425775+00:00,ニュース（外国人・ビザ）,ニュース（外国人・ビザ）;その他,3,外国人材,,,日本語概要: ベトナム発の日本就労・外国人材関連情報です。 / 原文抜粋: Home Home baohiemxahoi.gov.vn,ベトナムの社会保険機関サイト（baohiemxahoi.gov.vn）に由来する、日本就労・外国人材に関連するベトナム発の情報。具体的な制度内容や対象者は読み取れない。,低,
418,Saeki đào tạo nhân sự cho kế hoạch mở 100 siêu thị tại Việt Nam,https://news.google.com/rss/articles/CBMirAFBVV95cUxPWWVLblAyaGg2elBUcW9Kb3FRY0ZwSkNnallUMjNab3pxbndDVWlyLXlFY0U1aEM0Y1V2M2lyNTVqbHd3SnBDZkNqcE8zTWVRcnk1RktieVZKUjVFbVdUak42Qmk1M1BPRjFWRmNSVmg0UmxwOTdrMU1EMFdYUzEzRVRXV2FCVjRSU0pzV0NkRldSbEpQeWZmeGJYOHZGMEtRMHNWd2owZk9hMVR0?oc=5,Google News: Vietnam: Japan workers,google_news,ベトナム,2026-09-20T06:20:09+00:00,2026-09-21T00:53:09.325773+00:00,ニュース（外国人・ビザ）,ニュース（外国人・ビザ）;その他,3,外国人材,,,日本語概要: ベトナム発の日本就労・外国人材関連情報です。 / 原文抜粋: Saeki đào tạo nhân sự cho kế hoạch mở 100 siêu thị tại Việt Nam Saeki đào tạo nhân sự cho…,Saeki社がベトナムで100店舗のスーパーを展開する計画に向け、現地の人材を育成している。,低,
416,【建設分野】難関の特定技能2号合格を強力サポート！明光キャリアパートナーズの「特定技能2号試験対策講座」が大幅リニューアル,https://news.google.com/rss/articles/CBMiakFVX3lxTFBCSkgzQVA3WE5hQXZpVlJ0U21UQzgydElsd3IzeHhWcHpuZUJiT2YxSXVjVGo1ZUVKQ19WMHpTS3Q0RnpfZjhOWUVtcmRvdkJPOWxlZkpxdlNSNTJCR1YyZlo5N3gwQ0tTRHc?oc=5,Google News: 特定技能 日本語教育 支援,google_news,,2026-09-17T02:00:03+00:00,2026-09-21T00:53:09.324970+00:00,ニュース（外国人・ビザ）,ニュース（外国人・ビザ）,4,特定技能,,,掲載元: PR TIMES,明光キャリアパートナーズが、建設分野で特定技能2号の取得を目指す外国人材向けの「特定技能2号試験対策講座」を大幅にリニューアルした。難関とされる特定技能2号の試験合格を支援する内容で、PR TIMESが掲載している。,高,
349,文科省が日本語教育パッケージ 全国にプレクラス - kyoiku-press.com,https://news.google.com/rss/articles/CBMiU0FVX3lxTE11M3d6LUNyQUlhWjl5Y0hOZG01MVBKV1ZHdWNTOWdLbk41YUN4c1IxQmNBdGsyZFpGYVF4b3BTZk5ia29fWHRhMmFYTDB0MjJZZDk0?oc=5,Google News: 日本語教育 補助金,google_news,,2026-09-07T07:00:00+00:00,2026-09-21T00:53:09.324278+00:00,ニュース（日本語教育）,ニュース（日本語教育）,4,日本語教育,,,,文部科学省が日本語教育のパッケージ施策として、全国で「プレクラス」を展開する方針を打ち出した。,高,
378,Japan’s aging agricultural workforce turns to foreign workers,https://news.google.com/rss/articles/CBMinAFBVV95cUxQS0trLXE4R2hfenR3VU96MU5tcE5QVjljLVBWNTdKNGFBZFBTXzBnREhCTG16eTNIUEVBSEFVYUN5bkpFcGZGRDhZbGhETlN6bVNwamFlQ0I2ajg4Ukwxa3JCZy1IRmh5c3hNUE5tbWlQdWtBbVVmaGxEU3NfNE8zS190dlNPaEZ4VHB0NGp3N1VVYmtiSGxJMzUya1nSAZsBQVVfeXFMTXFWaVZ0amgtRUZlejJadUpmUzVBNnZzNkxBM0hPVzhCVm02ZzFIb05wemVIOXVnS2tPVGdsdGl5UV9Fcmk3OFBPM045YUhuUDZNdFN6RVctNUQyc2tlQWtrMjJtcUc5c0szZHExamYweEI1S3pIbFA2UXVuR1pqR1o4ZGQ4MURhYzV0Z1lhaXhKVVkzTnQ4d3VHYlE?oc=5,Google News: Philippines: Japan work,google_news,フィリピン,2026-09-07T05:02:00+00:00,2026-09-20T00:42:50.352545+00:00,ニュース（外国人・ビザ）,ニュース（外国人・ビザ）,3,foreign workers,,,日本語概要: 労働・雇用関連の告知として確認対象です。 / 原文抜粋: Japan’s aging agricultural workforce turns to foreign workers Japan’s aging agricultural …,日本の農業現場で高齢化による担い手不足が進み、外国人労働者の受け入れに頼る動きが強まっている。,中,
382,鈴木知事の北海道は自治体職員に外国人材の地域定着と共生支援で研修 - portal-worlds.com,https://news.google.com/rss/articles/CBMiVEFVX3lxTE0xNENpSzctNWpqTm9JUXBUZF80VUZwbnpKNVdaM0F4aDl1dGRGbGRwTTh1QnEzMUJWV1lsS0VSSV9OLVU4SVoyaEdJY0FBUTlCWlVHaw?oc=5,Google News: 外国人材 補助金 自治体,google_news,,2026-09-09T07:12:32+00:00,2026-09-20T00:42:50.352520+00:00,ニュース（外国人・ビザ）,ニュース（外国人・ビザ）;その他,6,外国人材;自治体,,,,北海道が、自治体職員を対象に外国人材の地域定着と共生支援をテーマとした研修を行う。,中,
388,育成就労の活用策－外国人材を新戦力に⑥／入国時にＡ１レベルを求める意義は,https://news.google.com/rss/articles/CBMiTkFVX3lxTE1MTktkUDAtM0lGcnNWQWF4SGo0MzFqYjFreEpOcmk2d1JnejdYM0o0b2Jldm9mQkJuUXg0MUNKVl9GQmNMdWc0aHNQV3MzQQ?oc=5,Google News: 育成就労 日本語,google_news,,2026-09-10T07:17:08+00:00,2026-09-20T00:42:50.351991+00:00,ニュース（外国人・ビザ）,ニュース（外国人・ビザ）;その他,7,外国人材;育成就労,,,掲載元: 日刊建設工業新聞,日刊建設工業新聞の連載「育成就労の活用策－外国人材を新戦力に」第6回で、育成就労制度で外国人材が入国する時点で日本語能力A1レベルを求める意義を取り上げている。建設業を中心とした受け入れ企業向けの内容。,高,
372,"Doanh nghiệp Nhật ""khát"" kỹ sư và lao động tay nghề cao Việt Nam",https://news.google.com/rss/articles/CBMiwgFBVV95cUxOUHRoZ2JpanVsYkk2T0psa0ZjQndIWl93SnVFSHhJX2tubFVlNDdaT1Q3ZDlUcjUyQ2REbkdraEhEekxELUFWTUpDZGZZd2NERnpJSjBDU01FSGJDYV83Q20xZC1yTTBVSzRRQW8zdEJpMU44VUx0aDBwcTFGMUVyNkwwRjV4NlhveFFlMHozbVJEdWFISlVTN250aUZvU0pXZHlsODA1UWtORTBqNkNGZlV3dUx6X2VBR01mVzFTbGdNdw?oc=5,Google News: Vietnam: Japan workers,google_news,ベトナム,2026-09-05T07:00:00+00:00,2026-09-19T01:00:48.945070+00:00,ニュース（外国人・ビザ）,ニュース（外国人・ビザ）;その他,6,外国人材;lao động,,,"日本語概要: ベトナム発の日本就労・外国人材関連情報です。 / 原文抜粋: Doanh nghiệp Nhật ""khát"" kỹ sư và lao động tay nghề cao Việt Nam Doanh nghiệp Nhật ""khát""…",日本企業がベトナム人のエンジニアや高度な技能を持つ人材を強く求めているという、ベトナム発の日本就労・外国人材に関する報道。,中,
398,Japan Faces Fierce Competition for Foreign Workers,https://news.google.com/rss/articles/CBMiVEFVX3lxTE9CT19SX2dtcGt2bUNVeWVDZmJwTEh2dVFCMEtaWUVWaGdkcmZ0OHRCZjR1dTJtTVBCcTUtZENmcnpRckhmaWNOZ0V0ZV9sSy1zVWttOQ?oc=5,Google News: Philippines: Japan work,google_news,フィリピン,2026-09-13T15:21:41+00:00,2026-09-19T01:00:48.944842+00:00,ニュース（外国人・ビザ）,ニュース（外国人・ビザ）,3,foreign workers,,,日本語概要: 労働・雇用関連の告知として確認対象です。 / 原文抜粋: Japan Faces Fierce Competition for Foreign Workers Japan Faces Fierce Competition for For…,日本が外国人労働者の獲得をめぐり、他国との激しい競争に直面していることを伝えるニュース。フィリピンなど送り出し国との関係で、外国人材の確保環境に関わる動向。,中,
394,大村知事の愛知県は中小企業等の外国人材の確保支援、JOB FAIR開催 - portal-worlds.com,https://news.google.com/rss/articles/CBMiVEFVX3lxTE8tUF9JamtwYm9WMzV4SUdPMU5HZGJaOFVlTXp1TTRxcU5mQUxtN3U5a3NnZDhqUjR1TDRXNVdXbjBNR0VSRVhaeFA2WTN2cmJvdmFmbw?oc=5,Google News: 福岡県 外国人介護人材 補助金,google_news,,2026-09-08T07:24:12+00:00,2026-09-19T01:00:48.944683+00:00,ニュース（外国人・ビザ）,ニュース（外国人・ビザ）;その他,3,外国人材,,,,愛知県（大村秀章知事）が、中小企業などの外国人材の確保を支援する取り組みとして、JOB FAIR（合同就職フェア）を開催する。,中,
414,Zenken、長野県内の介護施設を対象に「外国人介護人材の採用と定着戦略」セミナーを2026年冬開講,https://news.google.com/rss/articles/CBMiY0FVX3lxTFBoNmV2d0RXNVhZdjRQZVdPR1RvekZoM1B3VkFvZzM4NENWb25IMjA5aW9pWEJicXJpbGY4UkRSY19OcjFjQTNjajV4VXItVUEtU1gwYXBqMmt2MEw4UzByR3ZrYw?oc=5,Google News: 福岡県 外国人介護人材 補助金,google_news,,2026-09-10T03:00:00+00:00,2026-09-19T01:00:48.944588+00:00,ニュース（日本語教育）,ニュース（日本語教育）;その他,7,外国人介護人材;介護人材,,,掲載元: 信濃毎日新聞デジタル,Zenkenが、長野県内の介護施設を対象に「外国人介護人材の採用と定着戦略」をテーマとしたセミナーを2026年冬に開講する。外国人介護人材の採用や定着に取り組む施設向けの内容。,中,
397,日本冷蔵倉庫協会主催「外国人材雇用セミナー」へ登壇 ! ～物流現場で本当に活躍する特定技能外国人の「見極め方」と「定着設計」を解説～｜Infoseekニュース,https://news.google.com/rss/articles/CBMickFVX3lxTE1qdmhKTFVIMzJFUjZvcVgwemRtNFVvcEU4R2hIeGtHbFR0RHJMU3JySkhMUnRBeGhsWFdzZi1DOXYzVE5peHBHeXByZElTRWtIX3dZVjh6YTNvdGJGWGtKdHFLdElTamxkSnNCVWx6azdwdw?oc=5,Google News: 特定技能 日本語教育 支援,google_news,,2026-09-10T06:00:00+00:00,2026-09-19T01:00:48.944214+00:00,ニュース（外国人・ビザ）,ニュース（外国人・ビザ）;その他,7,外国人材;特定技能,,,掲載元: Infoseek,日本冷蔵倉庫協会が主催する外国人材雇用セミナーに登壇し、物流現場で活躍する特定技能外国人の見極め方と定着設計を解説する。対象は冷蔵倉庫・物流分野で特定技能人材の雇用を検討する企業。,中,
410,ホーチミン市：18の高校が日本語教育に関して日本政府の支援を受ける。,https://news.google.com/rss/articles/CBMilAFBVV95cUxQYWFCdkFnTEozMjhNaE5PalZzZjhyS0xqekdCY1ZYZ2ROWnBYejFBVmlJUDRxWXhET3JqSGJYOTNsTjVrR21zUm1MT1owN213Y3EtdGQyaTlGdWxZLV9OQzY5UzFldmhtVTN4c3NkVDBzZldaSXBycDN3emZSS1FRRklwS3c2YmdpWXQzREZVWDR0MGlB?oc=5,Google News: 日本語教育 補助金,google_news,,2026-09-14T07:00:00+00:00,2026-09-19T01:00:48.943991+00:00,ニュース（日本語教育）,ニュース（日本語教育）,4,日本語教育,,,掲載元: Vietnam.vn,ベトナム・ホーチミン市の高校18校が、日本語教育に関して日本政府の支援を受ける。,中,
392,支援者一覧 - 【空き家×不登校×日本語教育】3つの社会課題に挑む「フリースクールたね」,https://news.google.com/rss/articles/CBMiXkFVX3lxTFBJaXVTbU1mUjl3VkoyOUN1Y2RvTVZIcTBlNmR0QlhHd0FZVTNfZ1prX01LWmFpc0ZaUGZ3QXZMbDFZTktYUDBYVDNYd2dhSkhuekxOVnFGOTN5aHkxUXc?oc=5,Google News: 日本語教育 補助金,google_news,,2026-09-09T10:40:00+00:00,2026-09-19T01:00:48.943911+00:00,ニュース（日本語教育）,ニュース（日本語教育）,4,日本語教育,,,掲載元: CAMPFIRE (キャンプファイヤー),空き家の活用、不登校支援、日本語教育の3つの社会課題に取り組む「フリースクールたね」のクラウドファンディング（CAMPFIRE）の支援者一覧ページ。,低,
406,【現地フォトレポート】元ラグビー日本代表・大畑大介が東南アジアの日本語学校を訪問。日本企業と現地の若者を繋ぐ「持続可能な教育支援」の最前線,https://news.google.com/rss/articles/CBMiakFVX3lxTFBSWXZIcDZubGZWX2liaEllYkVMVWpPUXdWM2wxcDltRVdaNmJEd3EtMU1vQjlBSERrbi0tdUxTelBYRzQybFNMa21VM2JWZWxXQThUbzZEOFFSd2VnckRYblRWV2VCMV9tb1E?oc=5,Google News: 日本語教育 補助金,google_news,,2026-09-16T04:00:02+00:00,2026-09-19T01:00:48.943795+00:00,ニュース（日本語教育）,ニュース（日本語教育）,4,日本語学校,,,掲載元: PR TIMES,元ラグビー日本代表の大畑大介氏が東南アジアの日本語学校を訪問し、日本企業と現地の若者をつなぐ持続可能な教育支援の取り組みを紹介するフォトレポート。,中,
404,Nhật Bản điều chỉnh chính sách với người nước ngoài,https://news.google.com/rss/articles/CBMilgFBVV95cUxNQnlPTmxtcjBwODR1SXJrc2lsWEJFb3I0SnJEZFRkaktkbU44eG5NWDl4V3pOSFBDbWUwTlczOUdiQjZ0dmtfekNMcWpfRG1rWnFYTnZZUl9qaFpEbmJUX2FQOHlkdENrT2E5cEs3MVFNX0VCajlHZ0xTZzlKMnFRZ0ZjX1NZZGtrQjJMdFFZdkQxUmtyUGc?oc=5,Google News: Vietnam: Japan workers,google_news,ベトナム,2026-09-16T00:24:01+00:00,2026-09-18T01:05:03.986322+00:00,ニュース（外国人・ビザ）,ニュース（外国人・ビザ）;その他,4,外国人材;Nhật Bản,,,日本語概要: ベトナム発の日本就労・外国人材関連情報です。 / 原文抜粋: Nhật Bản điều chỉnh chính sách với người nước ngoài Nhật Bản điều chỉnh chính sách với ng…,日本が外国人に関する政策を見直しているとベトナム語メディアが伝えている。対象は日本で働く外国人やその受入れに関わる制度とみられる。,中,
403,"740 warga Lombok Utara jadi pekerja migran, Malaysia paling diserbu",https://news.google.com/rss/articles/CBMilAFBVV95cUxQeHhFVU05b09vM05vQmhTVEg2c0NCSWFDTThzbW1oVmt0REVnNmttaTktMmc3d0lHT2VialV6Nk9JMDZJRC11MnJIT1dhUGkzTWR4MkVGUU8wYXdMdlhfMDR2UUN2NWthbmdjcHRDWUxBWG92bjJOcjkyaU14ZzYxNklVNkIwSThXMzhRU2d6SXZTWVF6?oc=5,Google News: Indonesia: Japan workers,google_news,インドネシア,2026-09-15T04:44:22+00:00,2026-09-18T01:05:03.986261+00:00,ニュース（外国人・ビザ）,ニュース（外国人・ビザ）,6,pekerja migran;pekerja,,,"日本語概要: 日本就労を目指すインドネシア人候補者向け情報です。 / 原文抜粋: 740 warga Lombok Utara jadi pekerja migran, Malaysia paling diserbu 740 warga Lombok Utar…",インドネシア・北ロンボク県の住民740人が出稼ぎの移民労働者として海外へ渡航し、渡航先ではマレーシアが最も多いという地元報道です。,低,
370,GTN、自治体向け外国人住民支援アプリ「GTN Assistants for Public」を全国展開へ | 黃信維（コウ・シンイ） | ニュース,https://news.google.com/rss/articles/CBMiUEFVX3lxTE9tYVhZd1BPaURuOTFNSUo5WUNVZE1DRTFBWUhUZi05NmhiRDdQaXFwbm5lS3VMdmNtTkhfQVVCTXVNMnYwbG9McmNtQWt6X05a?oc=5,Google News: 外国人材 補助金 自治体,google_news,,2026-09-04T09:04:00+00:00,2026-09-18T01:05:03.986173+00:00,その他,その他,3,自治体,,,掲載元: 風傳媒,GTNが、自治体向けの外国人住民支援アプリ「GTN Assistants for Public」を全国で展開する。,中,
402,小樽市と明光キャリアパートナーズが共催した外国人材活用セミナーのアーカイブ動画を公開！ ～特定技能2号移行を成功させる学習支援の実践ガイド～,https://news.google.com/rss/articles/CBMieEFVX3lxTFBkR1NXOFZGSXpBblE5YjNfcm1wbzlCb2JILXc2clN5cjZWellSak1IMi1zU01Db0UwQ2dRc2cwQWpQNTJZUWJ0NWpZQzQ3U21vdnByZGVrNnBPazlVbmZrTzhvVjdyeXR1d096b2MxZEhlRFZQX1FRQw?oc=5,Google News: 外国人材 補助金 自治体,google_news,,2026-09-15T14:40:02+00:00,2026-09-18T01:05:03.986131+00:00,ニュース（外国人・ビザ）,ニュース（外国人・ビザ）;その他,7,外国人材;特定技能,,,掲載元: rbbtoday.com,小樽市と明光キャリアパートナーズが共催した外国人材活用セミナーのアーカイブ動画が公開された。特定技能2号への移行を成功させるための学習支援の実践方法を扱う内容。,高,
377,【追加募集】令和８年度外国人介護人材雇用緊急対策補助金（旧：外国人介護人材雇用インセンティブ補助金）について,https://news.google.com/rss/articles/CBMieEFVX3lxTE9WWW5Fdnd2Rk9NUEpLaGhQTjZ3SVFSNUxGc25tbkF3RFlYWlpDTXN5N3hmUnpoV3k5cEZtTThReGhPeWdnaV9hdE5HcTdrYWRNTU9lTTE2NTdJOFpFR0pRdV9HNzRHd2w2R0JSeUJpUk5tX0QwaVRqVA?oc=5,Google News: 福岡県 外国人介護人材 補助金,google_news,,2026-09-04T07:00:00+00:00,2026-09-18T01:05:03.986073+00:00,公募・補助金・プロポーザル,公募・補助金・プロポーザル;ニュース（日本語教育）;その他,15,補助金;補助;外国人介護人材;介護人材,,,掲載元: 大分県ホームページ,大分県が令和8年度の外国人介護人材雇用緊急対策補助金（旧：外国人介護人材雇用インセンティブ補助金）の追加募集を行う。外国人介護人材を雇用する事業者向けの補助制度。,高,補助対象となる介護事業者や登録支援機関に、外国人介護職員向けの日本語学習サービスNihongo Catch!を紹介し、補助金活用とあわせた導入提案ができそう。
408,"｢ここは日本だと思って｣挨拶･掃除･日本語日記を毎日､1分の遅刻も許さない…ミャンマーの""昭和""な介護人材学校の正体",https://news.google.com/rss/articles/CBMicEFVX3lxTE5OREdrUzBtdnZ0RzhPNEJ2TUxRU1VQM1JiQU5LOERpYXR2ZVRVUW1RbHYtMEw3dHhlSDF0VzdMRmlIUG1saVNHUnZkekcyMW5DRlBfUWZJN1BTNGd2eGVnQ2pOc0FXeTBXaERKdUpCWWk?oc=5,Google News: 技能実習 日本語 試験,google_news,,2026-09-16T02:00:00+00:00,2026-09-18T01:05:03.986029+00:00,ニュース（日本語教育）,ニュース（日本語教育）;その他,3,介護人材,,,掲載元: Infoseek,ミャンマーにある介護人材の養成学校を取り上げ、挨拶・掃除・日本語日記を毎日行い、1分の遅刻も認めない「昭和」的な規律のもとで日本就労を目指す若者を育てている様子を伝えている。,中,
387,日本冷蔵倉庫協会主催「外国人材雇用セミナー」へ登壇,https://news.google.com/rss/articles/CBMiaEFVX3lxTE8tSV9Xa29xaktPUEQxNkZ3RzhkWHdIelcwT0F6WWdMSW8yaF95dWF6bFBMck1IWUtMZy1yWmVGcVQ5VEllcWNkaFh5ZlJ0VDdmR0ZiWlllVTlzYm9YWEhfaXM5REJ3UFhZ?oc=5,Google News: 特定技能 日本語教育 支援,google_news,,2026-09-10T18:48:17+00:00,2026-09-18T01:05:03.985933+00:00,ニュース（外国人・ビザ）,ニュース（外国人・ビザ）;その他,3,外国人材,,,掲載元: ニコニコニュース,日本冷蔵倉庫協会が主催する「外国人材雇用セミナー」に登壇することが発表された。冷蔵倉庫業界の事業者が外国人材の雇用を学ぶ場となる。,中,
405,京進、外国人材の介護分野向け一貫支援モデルを提案 ネパールで日本語・介護教育,https://news.google.com/rss/articles/CBMiUkFVX3lxTE1XUjFkUTdBeUVmby1HTzMxMTlmcERiY3ZYYzMxeTFVTDdiTUFVZ0hScUhPZDIxNTU4a0piNmprbkpuenhiSks1ZzJCMnZqak1mQ1E?oc=5,Google News: 日本語教育 補助金,google_news,,2026-09-16T08:21:25+00:00,2026-09-18T01:05:03.985197+00:00,ニュース（外国人・ビザ）,ニュース（外国人・ビザ）;その他,3,外国人材,,,掲載元: shijyukukai.jp,京進が、外国人材の介護分野への就労に向けて、ネパールでの日本語教育と介護教育を組み合わせた一貫支援モデルを提案した。,高,
365,Giá cả cao lương không đổi hay chính sách định cư của Nhật khiến lao động nước ngoài 'tính lại'?,https://news.google.com/rss/articles/CBMi0AFBVV95cUxPek4yekdYUHY2Y2JSYmgzREQxTlpjbUlHMF85S0JMTGVrR3NaRjh5MktnbE9KdmRwVW9OMEVGVDJYU3JTRC16UHhLdi0zdVlTMVBUVXVRQWJYZTkyUzFoUUEwNDJaN2VlY2NjR0hXZ3V5amxGeXpjc0t6anBkbWRqZ0FVOWxoTUN6NHhMTFBUYUd4RHpGVWZLX05TbDBFdlZ1QTBDd1FzdnQ2OGhORUlLcEhXeWVFWjdhSnkxVjNZZ203MFBpaUVFZmotSGJZOHhI?oc=5,Google News: Vietnam: Japanese language,google_news,ベトナム,2026-09-03T12:09:09+00:00,2026-09-17T01:07:15.898016+00:00,ニュース（外国人・ビザ）,ニュース（外国人・ビザ）;その他,6,外国人材;lao động,,,日本語概要: ベトナム発の日本就労・外国人材関連情報です。 / 原文抜粋: Giá cả cao lương không đổi hay chính sách định cư của Nhật khiến lao động nước ngoài 'tín…,日本の定住政策が外国人労働者の就労判断に与える影響を取り上げた、ベトナム発の報道。外国人労働者が日本での働き方や滞在を考え直す動きを扱っている。,中,
380,公募型プロポーザル「令和8年度じんけんミニフェスタ／人権ふれあい啓発、しが多文化共生フェスタ／しが多文化共生フォーラム企画・制作・実施業務委託」にかかる質問への回答,https://news.google.com/rss/articles/CBMiV0FVX3lxTE4wNVJGdkdyYmVpMTBLYWthdjE5aHZZbDhXZlhmV0ltOHJLMGJHLWFaTmNYUUtBdTEwbnU4eUZqSXFyblZuZDZsSVhVU21HSW5ZUmQydXZNVQ?oc=5,Google News: 日本語教育 委託事業,google_news,,2026-09-07T07:20:04+00:00,2026-09-17T01:07:15.896774+00:00,公募・補助金・プロポーザル,公募・補助金・プロポーザル,13,公募;プロポーザル;委託,,,掲載元: pref.shiga.lg.jp,滋賀県が公募型プロポーザルで募集する「令和8年度じんけんミニフェスタ／人権ふれあい啓発、しが多文化共生フェスタ／しが多文化共生フォーラム」の企画・制作・実施業務委託について、事業者からの質問に対する回答が公表された。,中,多文化共生フォーラムの企画・運営に、外国人住民向けの日本語学習コンテンツや体験ブースとして Nihongo Catch! を組み込む提案ができそう。
395,Nhật Bản xem xét đưa ngành bảo vệ vào chương trình tiếp nhận lao động nước ngoài,https://news.google.com/rss/articles/CBMizAFBVV95cUxOcjhMOVhyS3BRcHdzNW9Eck12a1plNDVRaHNnM01FbDFUNnpoTTcyQ2wxVHdCcUZ2cnpuRVM4ajNhcVJtOFdLVFJRWHI0aXhGN055WkhTTVRGVFE1MlhKUnlPbTZfaTlISW56Q1MzbVIxcHlyWGgtOHVPZEJUSVVPVXlEa2Mxb0xFamFzT2dkeDVXU24tMFVJUjVUZ25kc1pZczVXSkgxXy1SSXFGaFN6elJiQ0ZhRU5oeEh2Q2JERjVKRk50U2RBdzY0ZDc?oc=5,Google News: Vietnam: Japan workers,google_news,ベトナム,2026-09-14T23:23:00+00:00,2026-09-16T01:09:30.072530+00:00,ニュース（外国人・ビザ）,ニュース（外国人・ビザ）;その他,7,外国人材;Nhật Bản;lao động,,,日本語概要: ベトナム発の日本就労・外国人材関連情報です。 / 原文抜粋: Nhật Bản xem xét đưa ngành bảo vệ vào chương trình tiếp nhận lao động nước ngoài Nhật Bản…,日本政府が、警備分野を外国人労働者の受け入れ制度の対象に加えることを検討していると、ベトナムのメディアが報じている。,中,
381,大分県は外国人介護人材の受入施設に最大20万円補助金交付 - portal-worlds.com,https://news.google.com/rss/articles/CBMiVEFVX3lxTE1wRm5sRGZmSU5uSjVrU1hsSEgxdE5ZWFBlUkZ2Q0JvY1BmTUEtTmNfM3lwNVZQazlzV2FFMk4yQmJiSkZBYmVkdWNLZzNQRVAwWXNtQg?oc=5,Google News: 福岡県 外国人介護人材 補助金,google_news,,2026-09-08T07:24:12+00:00,2026-09-16T01:09:30.071914+00:00,公募・補助金・プロポーザル,公募・補助金・プロポーザル;ニュース（日本語教育）;その他,15,補助金;補助;外国人介護人材;介護人材,,,,大分県が、外国人介護人材を受け入れる施設に対して最大20万円を補助する。,高,補助対象の詳細は未確認だが、受入施設が日本語学習費用に充てられる場合は、介護分野の外国人職員向けにNihongo Catch!の日本語講習を提案できる可能性がある。
399,外国人雇用で使える助成金5選【2026年度】雇う前に確認すべき在留資格・届出・罰則も解説,https://news.google.com/rss/articles/CBMiW0FVX3lxTFBzeDhCRlZuUjB3MkxLTG9ISHVqYWRoS0E3M0tRMUN1STk0UUxmeHZjYk04OHB3V1hrVE9sekRMWVZyMVNUTVlYZW9OMTVVcG82N0dfUDJYMjQwbWc?oc=5,Google News: 日本語教育 補助金,google_news,,2026-09-02T07:00:00+00:00,2026-09-16T01:09:30.071143+00:00,公募・補助金・プロポーザル,公募・補助金・プロポーザル;ニュース（外国人・ビザ）,16,補助金;補助;助成;在留資格,,,掲載元: 補助金ポータル,外国人を雇用する事業主が活用できる助成金を2026年度版として5つ紹介し、雇用前に確認すべき在留資格や届出、違反時の罰則もあわせて解説する内容。,中,助成金を使う受入企業向けに、外国人従業員向けの日本語講習を組み合わせて Nihongo Catch! を提案できそう。
355,文科省「日本語教育支援総合パッケージ」公表,https://news.google.com/rss/articles/CBMibkFVX3lxTE9LWU9PM1kzYm1DamJwVjNxOXZGWVUyeUR2ZzV0cHBzTEZtazZhWlliNXJ4Ui1DRExyd24yc2k1b29oNDgtZWRoRDFnRnI3bnJtTjJIMmhmQXJTV2hMeVZkS1NGdEpKYkpteFcyT0pR?oc=5,Google News: 日本語教育 補助金,google_news,,2026-09-02T07:00:00+00:00,2026-09-16T01:09:30.070620+00:00,ニュース（日本語教育）,ニュース（日本語教育）,4,日本語教育,,,掲載元: リセマム,文部科学省が「日本語教育支援総合パッケージ」を公表した。日本語教育の支援施策をまとめたもので、リセマムが報じている。,高,
352,外国人住民向けアプリサービス「GTN Assistants for Public」を全国の自治体向けに提供開始,https://news.google.com/rss/articles/CBMiakFVX3lxTE5nSF8tRE8tY3NOLXVVYzZ5T2tpOWV0eS1WRFZPQmx6d3dyOFE1RFRRT2tuYWlqYjlobXZaUm1GZ3M0QWs0LUx6TjBaZS1Ma0cyUHpVeTRaeUVUY2tET18zQlhvV3NNOUtZZUE?oc=5,Google News: 外国人材 補助金 自治体,google_news,,2026-09-01T07:00:00+00:00,2026-09-15T01:12:08.088246+00:00,その他,その他,3,自治体,,,掲載元: PR TIMES,外国人住民向けアプリサービス「GTN Assistants for Public」が、全国の自治体向けに提供開始された。,中,
348,滋賀県が「日本語教育推進センター」開設 外国人県民の暮らし支援で,https://news.google.com/rss/articles/CBMiWEFVX3lxTFBqdXNvZ3ZiMnNxWEJUZVNfSHFIVkVmVFJiZzV2RDN6SjBJc1F6RFpsN0h6cEhBeWhGTExCeklkX3U5eGlmbG1oOWhrUlB4M2FtSl9NSXk2M0I?oc=5,Google News: 日本語教育 補助金,google_news,,2026-09-01T07:00:00+00:00,2026-09-15T01:12:08.087491+00:00,ニュース（日本語教育）,ニュース（日本語教育）,4,日本語教育,,,掲載元: 京都新聞デジタル,滋賀県が外国人県民の暮らしを支える取り組みとして「日本語教育推進センター」を開設した。,高,
346,育成就労時代は「受入れ」から「選ばれる職場づくり」へ,https://news.google.com/rss/articles/CBMie0FVX3lxTE5sSUl3TFowT3FxcUFkLVhmN0FyS2dkQ2ZOTnRLT0dVcHBObEE1WWRlZnk0NE5ta3pENUp1M2tTSlQwR2hZSXB4Uzk5VDJTV3JCVEhDTUNRLURZY0RRenNQVlJGb3F3NXlZbEJjTktpRVZSejhGQ3g0MEJSQQ?oc=5,Google News: 育成就労 日本語,google_news,,2026-08-31T07:00:00+00:00,2026-09-14T00:47:12.565375+00:00,ニュース（外国人・ビザ）,ニュース（外国人・ビザ）,4,育成就労,,,掲載元: 朝日新聞,育成就労制度の時代に、企業は外国人材を単に受け入れる段階から、働く人に選ばれる職場づくりへ転換すべきだと論じる朝日新聞掲載の記事。受入企業側の対応が主題。,高,
391,Nhật Bản mở rộng việc làm cho lao động nước ngoài trong ngành hàng không,https://news.google.com/rss/articles/CBMitAFBVV95cUxPSHBuNlJNS1NQZC0zY0VrcE45MUF0N2ZkcElDdW0zQ3czeEgyaUhKY2ZLNWVRMGpkU203YnZKdGNnNmMzTUN4LTdzUEV5cmdydlVzYjVMWllpWlloUGdiaHd6REVCNkU3MWNqZjlTeGJlekhVbXJLOHJlOHUwcHFSQlFVc1lUZlh6VEpuNWVzSS1GUGd0bHVocE1ORWhhQ2didjRxNlBWWjVTWUpaaVhjQWg4d0M?oc=5,Google News: Vietnam: Japan workers,google_news,ベトナム,2026-09-10T06:04:00+00:00,2026-09-13T00:39:07.960848+00:00,ニュース（外国人・ビザ）,ニュース（外国人・ビザ）;その他,7,外国人材;Nhật Bản;lao động,,,日本語概要: ベトナム発の日本就労・外国人材関連情報です。 / 原文抜粋: Nhật Bản mở rộng việc làm cho lao động nước ngoài trong ngành hàng không Nhật Bản mở rộng…,日本が航空分野で外国人労働者の就労機会を広げるとの、ベトナム語圏向けの報道。外国人材の受け入れ拡大に関する動きで、対象は航空業界で働く外国人労働者。,中,
353,"Penduduk Asia Timur Menyusut, Indonesia Berebut Pasar Pekerja",https://news.google.com/rss/articles/CBMilAFBVV95cUxQQzdfQmpCU0ZtWU9NeXZqdmhNLXRsWlBVSVdLWk1RU0h3S3BYSkVfMjBLNWE3Q0haclI3TThOWkI5ZHlDbm05SHI3OURoSnJROGlHeGJvVTlrdENKdHFYUnc0SzNhTkdtUTVWRS03ZzBlY3NDSTlRUFhGd0p1NlRuTS1NTnFoR1FSM1AxQ0hJU2gxR3FJ?oc=5,Google News: Indonesia: Japan workers,google_news,インドネシア,2026-08-30T07:00:00+00:00,2026-09-13T00:39:07.960690+00:00,ニュース（外国人・ビザ）,ニュース（外国人・ビザ）;その他,5,外国人材;pekerja,,,"日本語概要: インドネシア発の日本就労・外国人材関連情報です。 / 原文抜粋: Penduduk Asia Timur Menyusut, Indonesia Berebut Pasar Pekerja Penduduk Asia Timur Menyusu…",東アジアで人口減少が進むなか、インドネシアが日本などへの労働者送り出しをめぐり、海外の労働市場で獲得競争を強めていると報じられている。,中,
384,【空き家×不登校×日本語教育】3つの社会課題に挑む「フリースクールたね」,https://news.google.com/rss/articles/CBMiU0FVX3lxTE5fQW9uY0themtkT1o1bUI2Q05Gdl9QMXZEZGNaMzdyVXVaalNBTHoyQUlSc042RmRIZlRqcG5taV8zakx6WjNWeXVZc2NybkVwU2JV?oc=5,Google News: 日本語教育 補助金,google_news,,2026-09-10T04:07:20+00:00,2026-09-12T00:56:40.755573+00:00,ニュース（日本語教育）,ニュース（日本語教育）,4,日本語教育,,,掲載元: CAMPFIRE (キャンプファイヤー),空き家の活用、不登校支援、日本語教育という3つの社会課題に取り組む「フリースクールたね」の取り組みが、CAMPFIREで紹介されている。,中,
345,Kemnaker perkuat program magang teknis Indonesia di Yamaguchi Jepang,https://news.google.com/rss/articles/CBMirwFBVV95cUxNRUhkOVh0V2IxVUtMeF9mbnFUZnNyRmpyQ0JTOV9qMlotMHptcFVpUFFYR0lNQ2RUTnprUXk5eF9tMUFyTDZLNFZLRTRZREN0UGdBUWdnNC02dEttVDRCNXZuNFJmcnRyZWRMQk0wZDQtX1FqTXpKMDloT3RWSFZja3RRT3V5bVJ4VU9BbUVydDNuQXNHZHJycUVLOHdLUEVJdUF2cFY2NzVPSXBKZ3Vv?oc=5,Google News: Indonesia: Japan workers,google_news,インドネシア,2026-08-28T07:00:00+00:00,2026-09-11T00:52:10.338063+00:00,ニュース（外国人・ビザ）,ニュース（外国人・ビザ）;その他,7,外国人材;EPA;Jepang,,,日本語概要: インドネシア発の日本就労・外国人材関連情報です。 / 原文抜粋: Kemnaker perkuat program magang teknis Indonesia di Yamaguchi Jepang Kemnaker perkuat pro…,インドネシア労働省（Kemnaker）が、山口県での技能実習（研修）プログラムを強化するという内容。インドネシアから日本へ送り出される技能実習生が対象。,中,
342,文科省予算、過去最大８兆円超 日本語教育支援で「事項要求」も,https://news.google.com/rss/articles/CBMiU0FVX3lxTE1SUWJPQUdydFlKM0w0X0ZIT1pHa0twY3J3dFNlcjNyUkNRR1NUaGdxRjJIdU9jRHFwalVHV2lKNlpqRFZVVTdCaHJ3Mzh1UFlZR2s0?oc=5,Google News: 日本語教育 補助金,google_news,,2026-08-28T07:00:00+00:00,2026-09-11T00:52:10.337274+00:00,ニュース（日本語教育）,ニュース（日本語教育）,4,日本語教育,,,掲載元: 東京新聞,文部科学省の来年度予算の概算要求が過去最大の8兆円超となり、日本語教育の支援については金額を示さない「事項要求」も盛り込まれた。,高,
383,[Ảnh] Nâng cao hoạt động đào tạo lao động đi làm việc ở nước ngoài,https://news.google.com/rss/articles/CBMioAFBVV95cUxPekk2emhaRjIwcC1mYm44U2lvUFJ5eTBsY1B3dkRMUkxGSDNFcGFKcUVubzd0OXdlY0Y1a3d2U1hGSklYOElYNzBWM2MxU0c2eVpWRUpXM1lTWXc2MDNsVnZsUW8zdnJBQ0hObFRLaVZiTGpYeUNQWjBWNEVWV0dpVkhndFIxTlptcmhUcFowbTEzZzkwdlMza2ZnYll4Tlpa?oc=5,Google News: Vietnam: Japan workers,google_news,ベトナム,2026-09-09T13:37:18+00:00,2026-09-10T00:54:23.197836+00:00,ニュース（外国人・ビザ）,ニュース（外国人・ビザ）;その他,6,外国人材;lao động,,,日本語概要: ベトナム発の日本就労・外国人材関連情報です。 / 原文抜粋: [Ảnh] Nâng cao hoạt động đào tạo lao động đi làm việc ở nước ngoài [Ảnh] Nâng cao hoạt độ…,ベトナムで、海外就労を目指す労働者への研修・教育活動を強化する取り組みを写真で伝えるニュース。日本を含む海外で働く人材の送り出し前の育成が対象。,中,
344,災害発生時にどう身を守るか　外国人材が災害への備えを学ぶ【愛媛】,https://news.google.com/rss/articles/CBMijgFBVV95cUxQWXNzVmx1LVVLN24zNzhkN0NVdFZiM3hob3MxQVVPMGFlQmlQejBRaU5WbUNKbS1uVzl4R0lqZGpFaXpsYXFhNm9yN3hPMi1nOEdMXzdocmg0cFZlVEZYbHBkZ1Z4dFhQaFROV3Vwa0xKMGhuaElGTlBXeDRJZ0xlX3pVSHo5WndDRTZJdTNR0gGAAUFVX3lxTFBQYjh3TVdVc3JRYXQ2S25xcjZwRGpVbFJGOG5jYmVUblBCT0dsWTR2WHlTTUtJOWRBWWtPZmt5c3lwV3J1RzdMNGlnS2lSMm5remFXNjFxUVRrS2lOSzRETHBqZ3lvbVhqQU5zbXVYck82YUFuM0pFNEpFbk0wZVB2?oc=5,Google News: 福岡県 外国人介護人材 補助金,google_news,,2026-08-28T07:00:00+00:00,2026-09-09T01:05:39.605270+00:00,ニュース（外国人・ビザ）,ニュース（外国人・ビザ）;その他,3,外国人材,,,掲載元: ｄメニューニュース,愛媛県で、外国人材が災害発生時にどう身を守るかなど、災害への備えを学ぶ取り組みが行われた。,中,
343,"9月30日の申請期限が迫る！育成就労制度に適応した外部監査人サービスを弁護士法人グレイスが月額38,500円からご提供",https://news.google.com/rss/articles/CBMickFVX3lxTE9vYWY0QlVDTTdOR1lxVk8zWEVsVkhuOVFmUlprYmszcHZnTDZFMndkSzN6MFVXT3JoZkdTY0hGdnE2SWFyQ2h4blh2MVZFeWdrQkh3Q1Q3OHhKeXZDY0o1eXdxU1RnNmZVX2duUF9FcXdMQQ?oc=5,Google News: 育成就労 日本語,google_news,,2026-08-28T07:26:21+00:00,2026-09-09T01:05:39.605135+00:00,ニュース（外国人・ビザ）,ニュース（外国人・ビザ）,4,育成就労,2026-09-30,,掲載元: Infoseek,"弁護士法人グレイスが、育成就労制度に対応した外部監査人サービスを月額38,500円から提供する。申請期限は9月30日で、受入れ側の監理体制の整備に関わる内容。",中,
331,TCJグローバル 企業と外国人材に育成就労制度で求められる日本語学習支援を加速 日本語総合研究所「外国人材と働く日本人に聞く、日本語の実態調査2026」結果も注目（GZNews）,https://news.google.com/rss/articles/CBMidEFVX3lxTE5WVXZWdTVkZjhLYUh6WTM0UkV6OC01b0NnQzlGMXlVRktrUE0yZWM5ZW1FWlFITzNpd0p2Qmo2SDkwblV2ZHUzaVhhUmpWWkxuVXlLcHdfWVB2NXlrVlVvVlE5YXByT2xCQ2htamRMMFFoNGlF?oc=5,Google News: 育成就労 日本語,google_news,,2026-08-26T07:00:00+00:00,2026-09-09T01:05:39.605011+00:00,ニュース（外国人・ビザ）,ニュース（外国人・ビザ）;その他,7,外国人材;育成就労,,,掲載元: ｄメニューニュース,TCJグローバルが、育成就労制度のもとで企業と外国人材に求められる日本語学習支援を加速させている。日本語総合研究所の「外国人材と働く日本人に聞く、日本語の実態調査2026」の結果にも注目が集まっている。,高,
330,TCJグローバル 企業と外国人材へ育成就労制度のもとで求められる継続的な日本語学習を支援 日本語総合研究所「外国人材と働く日本人に聞く、日本語の実態調査2026」結果も注目（stea）,https://news.google.com/rss/articles/CBMickFVX3lxTFBabmVuX1FZdGdCRFRMM0J1Yi1PUWdTWkxVX2Q4TWNldkstc2Z5alFwWGMtRVo2ZG9DY2EzVmZRUklMbDdYT2hUSzl4eWdvRXpHa1F2Z1J6VUhCMnlrY3FZWkh2ZVBtSDFjdTg0aUo5LXplZw?oc=5,Google News: 育成就労 日本語,google_news,,2026-08-27T07:00:00+00:00,2026-09-09T01:05:39.604901+00:00,ニュース（外国人・ビザ）,ニュース（外国人・ビザ）;その他,7,外国人材;育成就労,,,掲載元: ｄメニューニュース,TCJグローバルが、育成就労制度のもとで求められる継続的な日本語学習を、企業と外国人材の双方に向けて支援する。あわせて日本語総合研究所の「外国人材と働く日本人に聞く、日本語の実態調査2026」の結果も注目されている。,高,
379,Explore the job opportunities in Japan - Y-Axis Overseas Careers,https://news.google.com/rss/articles/CBMiU0FVX3lxTFA5YWUwMktmaEhnSjBNak9MRm5nU1V2Rjd1S1VzSjd4UVRuc0w3VWdEZEF4TW1pTHZYaldaaXYyNjRsbncxWkduNE96ZzFjUmZJVHln?oc=5,Google News: Philippines: Japan work,google_news,フィリピン,2026-08-25T07:00:00+00:00,2026-09-08T00:56:45.792661+00:00,ニュース（外国人・ビザ）,ニュース（外国人・ビザ）;その他,3,外国人材,,,日本語概要: フィリピン発の日本就労・外国人材関連情報です。 / 原文抜粋: Explore the job opportunities in Japan - Y-Axis Overseas Careers Explore the job opportun…,Y-Axis Overseas Careersが、フィリピンなど海外から日本で働く就労機会を紹介する情報を発信している。,低,
332,TCJ日本語総合研究所「外国人材と働く日本人に聞く、日本語の実態調査2026」,https://news.google.com/rss/articles/CBMiVEFVX3lxTE1QS18tT29YSU1NWG94VmdjblU5Z2twbGlobmh0R19LWE43N1d4UTR0MXk4SExLcEpMMlhvNDFaMzNLMUQ1WHdmeEczblFwRE1uUTJzZw?oc=5,Google News: 育成就労 日本語,google_news,,2026-08-25T06:00:22+00:00,2026-09-08T00:56:45.792415+00:00,ニュース（外国人・ビザ）,ニュース（外国人・ビザ）;その他,3,外国人材,,,掲載元: news.nicovideo.jp,TCJ日本語総合研究所が、外国人材と働く日本人を対象に職場での日本語の実態を聞く「外国人材と働く日本人に聞く、日本語の実態調査2026」を公表した。,中,
328,外国人材の”採用後”を企業はどう乗り越えるか。特定技能制度の転換点に立つ日本語教育の現場から,https://news.google.com/rss/articles/CBMiU0FVX3lxTE9LbUxRck9OR29Lc2h6WlN6Q1JaVE9QcUpYX1JzcmF2T2c0Mk1halo0WWM4aTZKN1A4djk2WjRlVzBXTU1GNWxqWVRyR2w4eXZVMjFZ?oc=5,Google News: 育成就労 日本語,google_news,,2026-08-25T07:00:00+00:00,2026-09-08T00:56:45.792173+00:00,ニュース（外国人・ビザ）,ニュース（日本語教育）;ニュース（外国人・ビザ）;その他,11,日本語教育;外国人材;特定技能,,,掲載元: 東京報道新聞,特定技能制度が転換点を迎える中、外国人材の採用後に企業がどう向き合うかを、日本語教育の現場の視点から取り上げている。,高,
376,文科省予算、過去最大８兆円超 日本語教育支援で「事項要求」も - yamagata-np.jp,https://news.google.com/rss/articles/CBMiiwFBVV95cUxNLUtId2pfSVZtTmc4QjZVZ3dNUEpJUkVBSUZWUEhMdkJfOWMtelRFMHR6Yk9fTFQ5SE56YWpyd3NnOThLb0J5bDZWX2pERmY4cC0zU194TUVDNHZiQzNrbFRhRDJhdDQ3TEIyVUxxNWtoYUJnUC1uOWd4WExEYW5CUWh6SXBPczJIQ25v?oc=5,Google News: 日本語教育 補助金,google_news,,2026-08-28T07:00:00+00:00,2026-09-08T00:56:45.792062+00:00,ニュース（日本語教育）,ニュース（日本語教育）,4,日本語教育,,,,文部科学省の来年度予算の概算要求が過去最大の8兆円超となり、日本語教育の支援では金額を示さない「事項要求」も盛り込まれた。,高,
374,"Thúc đẩy hợp tác trong giáo dục, phát triển nguồn nhân lực Việt Nam - Nhật Bản",https://news.google.com/rss/articles/CBMivwFBVV95cUxOY05aeGk2d2xrOU9kSUhlWlFvaUs1Z01PcEJNZFZMNVg4LVBRZWxwOXNQdS1zT2V5cmdkRVB0Mm5EdEVFMjJpa2pjY01oS2UyRXhxNXNGaHNnNVJPckxVYmpON3pXdGE3ZERkMnRLRnJrNXAyc3QzY21US1I1VjdWVGRCNEtzUW1fdUQzZW9nNGs0Nng2QUJRdGpSVDJTNUYwbXI2bWo3aVV6aHUtbnhSc3NLWURhQmNCaE4zZ1Q0cw?oc=5,Google News: Vietnam: Japan workers,google_news,ベトナム,2026-09-05T10:19:00+00:00,2026-09-06T00:37:26.428095+00:00,ニュース（外国人・ビザ）,ニュース（外国人・ビザ）;その他,4,外国人材;Nhật Bản,,,"日本語概要: ベトナム発の日本就労・外国人材関連情報です。 / 原文抜粋: Thúc đẩy hợp tác trong giáo dục, phát triển nguồn nhân lực Việt Nam - Nhật Bản Thúc đẩy h…",ベトナムと日本の間で、教育と人材育成の分野での協力を進める動きを伝えるニュース。日本で働くベトナム人材の育成や送り出しに関わる関係者が対象。,中,
329,"Pasar Kerja di Jepang Terbuka Lebar, Butuh Hingga 820.000 TKI - Suara Merdeka Kedu",https://news.google.com/rss/articles/CBMiqAFBVV95cUxNWVE5ZWhQaG9JNmxlN1VReENoY3V2aDlaQlJnTUZJU2s4MUlaMnV1c3UtOU5rRnhGbEhxZUY5dVpRSmFmSEJybjF0c0xNRk5JazBrczNIYzhSbDNieDVYNEc3Y2xuV2h5dUNXb1RVZmFZNE5NV0RmU0dXRDBackVFajFjNmxQY2pDMEItLTcxTnotZkR5MTlpTk5IejQtaWFhMnRwVTF1aHrSAa4BQVVfeXFMTTdPb2JWMjgtSXE3dmhreTB4TEdEZ3RmOV91M0lGWF9qWk1KSEJXQU45akhTLUdrOGx2cWNuMVJPM1ZRVmFNSmpOellld0xkc1FMcTBTY0VQVF9lS1ZaUXY4MjE3bnhmMDY4OWNBWDJOaWJuY2FjbmY3TDFTdVVRUkE3TDZmVmxWc3JPM0JrMGZZYmtJcGpKQUVsSGRmVEFoeEtRYnNKclE4QW1kWnpR?oc=5,Google News: Indonesia: Japanese language,google_news,インドネシア,2026-08-24T08:01:14+00:00,2026-09-06T00:37:26.428038+00:00,ニュース（外国人・ビザ）,ニュース（外国人・ビザ）;その他,7,外国人材;EPA;Jepang,,,"日本語概要: インドネシア発の日本就労・外国人材関連情報です。 / 原文抜粋: Pasar Kerja di Jepang Terbuka Lebar, Butuh Hingga 820.000 TKI - Suara Merdeka Kedu Pasar …",インドネシアの報道で、日本の労働市場が広く開かれており、最大82万人のインドネシア人労働者（TKI）の需要があると伝えている。,中,
373,【9/11無料オンラインセミナー】高山市役所×高山赤十字病院が登壇 『外国人患者受入れにおける自治体と医療機関の連携モデル』開催のお知らせ,https://news.google.com/rss/articles/CBMickFVX3lxTE1tRkNmaU00Mk5tZE5Fd2hJRXB1c2lvNEZrTUpkbW1BTFlzUVZtbjVNMGlYYm1mOFlMcFNQeEpKU0s0REYxWjJYdHFUVUdQMGMzbzdoUFBOeG1rNzJ1UFhldDZIdUZJMEVjSG1BMTJ1TElBUQ?oc=5,Google News: 外国人材 補助金 自治体,google_news,,2026-09-05T01:10:00+00:00,2026-09-06T00:37:26.427813+00:00,その他,その他,3,自治体,,,掲載元: Infoseek,高山市役所と高山赤十字病院が登壇し、外国人患者受入れにおける自治体と医療機関の連携モデルを紹介する無料オンラインセミナーが9月11日に開催される。,低,
362,人手不足の訪問介護を支える外国人ヘルパー 「特定技能」対象拡大から1年も受け入れ1.2% 日本の生活様式に苦労も,https://news.google.com/rss/articles/CBMibkFVX3lxTE1RSzMteUtDc2Y2Z0FxYnJDYmVoM3FJdFFOZFdVSzQtaXBveXNPLUlNSVcwTnRDT2J2TW93bWZVZmZiTHk3VGNBMVpWUGZVbkJVMVZmZmJDQnBXcDR0Vk5EM1ZxREd1LS1mVGRNZmh3?oc=5,Google News: 福岡県 外国人介護人材 補助金,google_news,,2026-09-01T09:02:00+00:00,2026-09-06T00:37:26.427696+00:00,ニュース（外国人・ビザ）,ニュース（外国人・ビザ）;その他,4,特定技能,,,掲載元: ｄメニューニュース,人手不足が続く訪問介護で、特定技能の対象が広がってから1年がたっても外国人ヘルパーの受け入れは1.2%にとどまっている。日本の生活様式に慣れず苦労する外国人ヘルパーもいる。,中,
368,外国人材の採用につながる合同企業面談会を札幌で開催 - J-Net21[中小企業ビジネス支援サイト],https://news.google.com/rss/articles/CBMiY0FVX3lxTFBCMlpDbHVzd3hja2h0d1dWR0NIYXNUUE9ZR2tiRmg4a1VQLWx6djJMME9Vb0g2QmhRdkpCMW5jWmxDUGlNSkpldXpuVFBwS1BpbnljbjFDc1VYZ3U3SXU4dDNWYw?oc=5,Google News: 神奈川県 外国人材 補助金 公募,google_news,,2026-09-02T13:32:38+00:00,2026-09-06T00:37:26.427671+00:00,ニュース（外国人・ビザ）,ニュース（外国人・ビザ）;その他,3,外国人材,,,,外国人材の採用を目指す企業向けに、札幌で合同企業面談会が開催される。J-Net21（中小企業ビジネス支援サイト）が紹介している。,中,
367,ウィザスグループ日本語学校 I.C.NAGOYA校長が「NAGOMiフォーラム in 愛知」に登壇,https://news.google.com/rss/articles/CBMiaEFVX3lxTE9VNlVkSHVZVVpKN1dqQ0tFZk1CaUYxZ2lmNWZmVzN6UDBKcC1BS3k2dDg4dGVDQWhfU2I3Qjh2OWpYQ0x1OVFiTDNmTUNybElaMlJVLWYzeWdzWnBScUw4RTdrcGFURGYz?oc=5,Google News: 文部科学省 日本語教育 留学生,google_news,,2026-09-04T13:00:22+00:00,2026-09-06T00:37:26.427637+00:00,ニュース（日本語教育）,ニュース（日本語教育）,4,日本語学校,,,掲載元: ニコニコニュース,ウィザスグループの日本語学校「I.C.NAGOYA」の校長が、「NAGOMiフォーラム in 愛知」に登壇した。日本語教育や留学生をめぐる取り組みが紹介された場とみられる。,中,
323,ART共済、「育成就労」「介護」を対象とした共済認可を取得,https://news.google.com/rss/articles/CBMickFVX3lxTE9nQ2JmVEd5ZURTWVdOcUIyRHhZNXlfLXpPbVFKbjJaYnFIQkdtOUpGRXBKNG5IcTRPWmFncVZVaEdZdVdiTmhiMVRTYkExeEp4TlpPemdxOXQ2M0JYSmZRZDd0SV9xOEliOWI2SEFOYTZhUQ?oc=5,Google News: 育成就労 日本語,google_news,,2026-08-23T07:00:00+00:00,2026-09-06T00:37:26.427582+00:00,ニュース（外国人・ビザ）,ニュース（外国人・ビザ）;その他,4,育成就労,,,掲載元: Infoseek,ART共済が、育成就労と介護を対象とした共済の認可を取得した。育成就労制度で外国人材を受け入れる企業や関係機関に向けた共済で、制度開始を見据えた動きにあたる。,中,
357,MIRAI、フィリピン・マカティ現地提携校で第2期（セカンドバッチ）を開始｜特定技能・介護分野の即戦力外国人材を育成,https://news.google.com/rss/articles/CBMiakFVX3lxTE84UDVWTU1SLU03TXQ5RHdGQU9HZDNXckRGVVBIVVZadTZKQ1IxaWlpaDhsU1NZWmhzcHVXNkdmdnhlaGpxbGpSSzBoQ00xVUtRYmM3RmdGRnZ0NGk4X2dnbkVUbFZibGkwYWc?oc=5,Google News: 特定技能 日本語教育 支援,google_news,,2026-09-02T02:00:02+00:00,2026-09-06T00:37:26.427349+00:00,ニュース（外国人・ビザ）,ニュース（外国人・ビザ）;その他,7,外国人材;特定技能,,,掲載元: PR TIMES,MIRAIが、フィリピン・マカティの現地提携校で第2期（セカンドバッチ）を開始した。特定技能・介護分野で即戦力となる外国人材の育成が対象。,高,
366,日本語教育の「愛知モデル」を 外国人材共生支援全国協会、名古屋市でフォーラム 元文科大臣の馳氏が講演,https://news.google.com/rss/articles/CBMic0FVX3lxTE40cUdnUFBJZ1ZSc2xmNFhZZEI0c1BrQ3hKRG0wZ3FlMnVEODVpS3J5d0pFYkhVR3dyeDJLTzYwN0ZSYlJmZmpTRW5VWU9qdGVhTjZjY0JTc29Mc1lCampCeEJMaHRWTzVwQ3VyQlZRTWpiaHc?oc=5,Google News: 日本語教育 補助金,google_news,,2026-09-04T20:16:30+00:00,2026-09-06T00:37:26.427236+00:00,ニュース（外国人・ビザ）,ニュース（日本語教育）;ニュース（外国人・ビザ）;その他,7,日本語教育;外国人材,,,掲載元: 中部経済新聞,外国人材共生支援全国協会が名古屋市で、日本語教育の「愛知モデル」をテーマにしたフォーラムを開き、元文部科学大臣の馳浩氏が講演した。,中,
341,「秩序ある共生社会の実現に向けた日本語教育支援総合パッケージ」取りまとめ,https://news.google.com/rss/articles/CBMid0FVX3lxTE4tc1FKMm5WQzJVejhZeEVpXzZmYlpkRmg0YVotazZWUzJ3aFMwbVNhMTBxSWpJNDRwMlc5QURmRzNWX3M3eUlQMThhQkR3NGozaUw3UmhaUnVQWVZZMmpOY2JzSE5Ld052YUNQa0I3cVlyZkFXNjFF?oc=5,Google News: 日本語教育 補助金,google_news,,2026-08-28T07:06:46+00:00,2026-09-06T00:37:26.427116+00:00,ニュース（日本語教育）,ニュース（日本語教育）,4,日本語教育,,,掲載元: mext.go.jp,文部科学省が「秩序ある共生社会の実現に向けた日本語教育支援総合パッケージ」を取りまとめた。外国人の日本語教育を支援する政策の方向性を示すもので、日本語教育に関わる自治体や事業者に関係する。,高,
327,Cơ hội mới cho lao động Việt trên thị trường quốc tế,https://news.google.com/rss/articles/CBMimAFBVV95cUxQajdOMnpWN2dqXzNEUEE4OVpzN3dOZm1TNk5Ram4tVThUTFRLNmEtMzUwT3lkRmpyMjVQY1R1ZlJWWjVORHZ3V3VPRUtvLWZBb2tkWU1RZ3doZEhpQkFuMHdtNldEc29DYmdZMzN2Ym9aYXBCSVdNclFqc3JhZlVaZ1hPZjZGMDBMNUpJRWEtSjcxS05Keml6ZA?oc=5,Google News: Vietnam: Japanese language,google_news,ベトナム,2026-08-24T07:00:00+00:00,2026-09-05T00:38:56.476298+00:00,ニュース（外国人・ビザ）,ニュース（外国人・ビザ）;その他,6,外国人材;lao động,,,日本語概要: ベトナム発の日本就労・外国人材関連情報です。 / 原文抜粋: Cơ hội mới cho lao động Việt trên thị trường quốc tế Cơ hội mới cho lao động Việt trên th…,ベトナム人労働者にとって国際労働市場で新たな機会が広がっているという、ベトナム発の外国人材・海外就労に関するニュース。日本での就労を含む外国人材の動向を把握する材料になる。,中,
358,Kemenaker Perkuat Program Magang Teknis di Prefektur Yamaguchi Jepang,https://news.google.com/rss/articles/CBMisAFBVV95cUxPVHlvbk5PQzBlanBibDZCUmV6ZEVyQkV4OWMxOC1Hdk5McEQtQ1BIN3l5S2FZNU1kMmY3UzdXUTliVUxwX3JGY214VlYtRGpWbU9hYjQ1NFBOUDhCdkJ6QUs4SWp3aWVpd2k3bFBuaUxHcWd6Yy1jRWx2Wll6T2VvN0pwVjRBLU9wYVB0NS1CNllmZG9FVmVKVFh3ZFNwd3lZLWJ1VGwwTmJhcmdBUzFMdg?oc=5,Google News: Indonesia: Japan workers,google_news,インドネシア,2026-08-28T07:30:06+00:00,2026-09-05T00:38:56.476159+00:00,ニュース（外国人・ビザ）,ニュース（外国人・ビザ）;その他,7,外国人材;EPA;Jepang,,,日本語概要: インドネシア発の日本就労・外国人材関連情報です。 / 原文抜粋: Kemenaker Perkuat Program Magang Teknis di Prefektur Yamaguchi Jepang Kemenaker Perkuat P…,インドネシア人材移民省（Kemenaker）が、日本の山口県での技能実習（マグアン）プログラムを強化する。インドネシアから日本へ派遣される人材が対象。,中,
371,【9/11無料オンラインセミナー】高山市役所×高山赤十字病院が登壇 『外国人患者受入れにおける自治体と医療機関の連携モ,https://news.google.com/rss/articles/CBMiaEFVX3lxTFBpYWE2WlAtbG9NWW0teTJwMWtqdVV5eWhlV2tfYmFBTjN0QmdQajVWTWxiTjNvOG9mQ3ZNVnlvX2hIV1Z2OEU1aGlYU1VTQU5oWDZWQm1sWFg1c1ZNLWJwRUcySDdRZlFR?oc=5,Google News: 外国人材 補助金 自治体,google_news,,2026-09-04T05:00:19+00:00,2026-09-05T00:38:56.476011+00:00,その他,その他,3,自治体,,,掲載元: ニコニコニュース,高山市役所と高山赤十字病院が登壇する、外国人患者の受入れにおける自治体と医療機関の連携モデルをテーマにした無料オンラインセミナーが9月11日に開かれる。自治体や医療機関の関係者が対象。,低,
369,「本当に頼りにしている」活躍広がる「特定技能」の外国人ヘルパー　訪問介護“解禁”で現場は？背景に…深刻な介護士不足「やりがいがある仕事」外国人人材は超高齢化を支える欠かせない存在に,https://news.google.com/rss/articles/CBMifkFVX3lxTE9KaTdBNGhQWTRkb1dIa29hRnRfZWVDMmxKUkxDVU51Z0xDR2lUREZzQjEzY1JRRDQ5cmkxYVVDbEJyWUppaUJGRHR5NFRRQkxUTnJ0MmNtaE1ERTNNT0RLTTJ3dm9sUW5BLWw0V2pBaXYyYk44NkZYcnlwVklyd9IBekFVX3lxTFAzX1Z4UXZhbmo1N3FtTWxpUFRxaFVZZHNhaXI5U2E2SE1HTG1JSXBMaVVQV19QZm1tdTFmS3Npcy1wTExZTzdoQ0ZKOTdldmxSN2w5YWNRQWdBOGRQNk5nNXRmQXFpWi1FVlViOHRaSFE4MWJvYWs4S1ZB?oc=5,Google News: 福岡県 外国人介護人材 補助金,google_news,,2026-09-03T04:02:00+00:00,2026-09-05T00:38:56.475706+00:00,ニュース（外国人・ビザ）,ニュース（外国人・ビザ）;その他,4,特定技能,,,掲載元: ｄメニューニュース,訪問介護が特定技能外国人に解禁され、外国人ヘルパーが現場で活躍し始めている。深刻な介護人材不足が背景にあり、超高齢化を支える存在として期待が高まっている。,高,
356,災害発生時にどう身を守るか 外国人材が災害への備えを学ぶ【愛媛】（2026年8月27日掲載）｜南海放送NEWS NNN,https://news.google.com/rss/articles/CBMif0FVX3lxTE9LbXRmb3NuSV9rOUExdWhsX0VObWRWbjM1a3B3NnFWUzBnYTcyekFxUUgtSGxWb1JjX0ZtNzVERnF5aWt6RElNdTg5ZmRFU0t6dE9nZG9XNFRRS3c1RmVjc0NnakVpejd3bUZlRUtSQ3NlOTZySWxTTDBWVm1RY0E?oc=5,Google News: 福岡県 外国人介護人材 補助金,google_news,,2026-08-28T06:44:00+00:00,2026-09-05T00:38:56.475650+00:00,ニュース（外国人・ビザ）,ニュース（外国人・ビザ）;その他,3,外国人材,,,掲載元: 日テレNEWS NNN,愛媛県で、外国人材が災害発生時に身を守る方法や災害への備えを学ぶ取り組みが行われ、南海放送が2026年8月27日に報じた。,中,
322,【日本初】海外で特定技能試験に合格し来日したインド人ドライバー3名が「大型免許」を取得,https://news.google.com/rss/articles/CBMidkFVX3lxTE5SVF8zbVNOaXRrN2s5akg2UnBQTnFFY1dGd3dyZHhVZlJ4NW5BdkcyTzJ0c0RDeV9tNzBzLUpaTkc5YWExZUM4SHVVajUzc1VSWmdoRUUwLWdWUW55T2RXbDA2NVRGWlJ5MW9kY29Ddm93MmNULXc?oc=5,Google News: 特定技能 日本語教育 支援,google_news,,2026-08-22T07:00:00+00:00,2026-09-05T00:38:56.475092+00:00,ニュース（外国人・ビザ）,ニュース（外国人・ビザ）,4,特定技能,,,掲載元: ニコニコニュース,海外で特定技能の試験に合格して来日したインド人ドライバー3名が、日本で大型免許を取得した。同様の事例としては日本初とされている。,中,
320,日本語学校、20年で倍増 相次ぐトラブルで重視された「在留管理」,https://news.google.com/rss/articles/CBMiZ0FVX3lxTFBnbWRWcl9jYjBRT1ViZ3NxZHB2QlpTLUMzZVEtNTYzbUVvSXVBWEVEa0xyaFdfbW84UEVrTDRGaVpIakVUd3RNNEgxZXJoN1VWeE9zVjF2dzhOOVhyU0lpeEY3bmdtaVU?oc=5,Google News: 認定日本語教育機関 留学生,google_news,,2026-08-22T07:00:00+00:00,2026-09-05T00:38:56.474930+00:00,ニュース（日本語教育）,ニュース（日本語教育）,4,日本語学校,,,掲載元: 朝日新聞,日本語学校の数が20年で倍増し、相次いだトラブルを受けて留学生の在留管理が重視されるようになった経緯を朝日新聞が報じている。認定日本語教育機関制度など、日本語教育機関を取り巻く制度の動きにも関わる話題。,中,
338,"【日本語教育の質と成果に注目が集まる今】世界から集まった留学生3,100名の代表が“日本語”で未来と夢を発信！",https://news.google.com/rss/articles/CBMiXkFVX3lxTE4yd0tJZ2NNZ29VOFdiYnlJTHZHZXhkVkk3SjBZb2tuUVZid3lhczJNYmlLUTRkMG1NSXIxNWhZQUd6TFFwWW9uNzM0dzJFSFNncWk1WVNNTmlqX29VQVE?oc=5,Google News: 認定日本語教育機関 補助金,google_news,,2026-08-27T04:00:00+00:00,2026-09-05T00:38:56.474863+00:00,ニュース（日本語教育）,ニュース（日本語教育）,7,日本語教育;留学生,,,掲載元: 沖縄タイムス社,"世界から集まった留学生約3,100名の代表が、日本語で自らの未来や夢を発信するイベントが開催される。日本語教育の質と成果に注目が集まるなかでの取り組みで、掲載元は沖縄タイムス社。",中,
319,在留外国人へ日本語集中指導、小中学校に「プレクラス」…文科省が自治体に費用支援へ,https://news.google.com/rss/articles/CBMic0FVX3lxTE1qWVptM0Y3THBnczBTSWs0N3ZKVnBmaDNacmVEY3FqdlhvYjlFSEhZTkRGdVB1N2daTTQzLWFTdWdhc3lzeVdWenVRZEFscHZyaDZYQWNOLWd1Z1ZQVS0zWEFfUWxNT1lkRGlzUjhXcWFLQUE?oc=5,Google News: 地域日本語教育 支援 補助金,google_news,,2026-08-22T07:00:00+00:00,2026-09-05T00:38:56.474799+00:00,ニュース（外国人・ビザ）,ニュース（外国人・ビザ）;その他,3,自治体,,,掲載元: 読売新聞,文部科学省が、日本語指導が必要な在留外国人の子どもを対象に、小中学校で日本語を集中的に教える「プレクラス」を設ける自治体へ費用を支援する方針を固めた。,高,
321,認定日本語教育機関の申請を新規で目指す教育機関向け講習会を開催【2026年8月29日（土）】,https://news.google.com/rss/articles/CBMie0FVX3lxTE5fNlNBZHJlbEFZTnFwVkhJOVlLZ3ZBZHZZbGtfYlJJNXRXd2V0OGFoQjJUdXBVdmsyZ2ZsSWlTRVp4WFhndE1sXzZfN1M4VG5aMmhOQ196V3JKTk9wcXpianRFMG5Ka1A4N2dpS3VoTUI3a3dBUDFEczQ4QQ?oc=5,Google News: 日本語教育 補助金,google_news,,2026-08-22T07:00:00+00:00,2026-09-05T00:38:56.474680+00:00,ニュース（日本語教育）,ニュース（日本語教育）,10,日本語教育;認定日本語教育機関,,,掲載元: PR TIMES,認定日本語教育機関の認定申請を新たに目指す教育機関を対象にした講習会が、2026年8月29日（土）に開催される。,中,
256,日本語教育,https://www.seikatubunka.metro.tokyo.lg.jp/chiiki_tabunka/tabunka/nihongo_kyouiku,東京都 多文化共生,page,,,2026-09-04T00:49:35.030555+00:00,ニュース（日本語教育）,ニュース（日本語教育）,4,日本語教育,,,"Source page: https://www.seikatubunka.metro.tokyo.lg.jp/chiiki_tabunka / (function(w,d,s,l,i){w[l]=w[l]||[];w[l].push({'gtm.start': new Date().getTime(),event:'gtm.js'});var f=d.getElementsByTagName(s)[0], j=d.createElement(s),dl=l!='dataLayer'?'&l='+l:'';j.async=true;j.src= 'https://www.googletagmanager.com/gtm.js?id='+i+dl;f.pare",東京都生活文化局の多文化共生ポータル内にある「日本語教育」のページ。都による地域の日本語教育に関する取組を扱うページだが、具体的な施策内容や日程、金額は読み取れない。,中,
354,Kumamoto: Tư vấn miễn phí cho người nước ngoài bị ảnh hưởng bởi động đất,https://news.google.com/rss/articles/CBMiZEFVX3lxTE1CQjVwUzhUNlo2eXNHODM2NHlpbXMwZVdKdzBublBRSkg3ZVU0Q3Y1OG1zeGZ6YjJNZTF3WXFFREpvaU1MZjA4cHJ5OEtkdmxhZmk0aEpOSVBpRTVoSkF4VlN4NzI?oc=5,Google News: Vietnam: Japan workers,google_news,ベトナム,2026-09-01T15:30:35+00:00,2026-09-04T00:49:35.030186+00:00,ニュース（外国人・ビザ）,ニュース（外国人・ビザ）;その他,3,外国人材,,,日本語概要: ベトナム発の日本就労・外国人材関連情報です。 / 原文抜粋: Kumamoto: Tư vấn miễn phí cho người nước ngoài bị ảnh hưởng bởi động đất Kumamoto: Tư vấn…,熊本県で、地震の影響を受けた外国人住民を対象に無料相談が行われる。,中,
364,Lulusan SMK Sulsel Berpeluang Kerja di Jepang hingga Dubai,https://news.google.com/rss/articles/CBMipgFBVV95cUxQXzFpR3VmYXVMMFNKdDZUMXJDUmo0U0YtR3BxMjJJczZmQWFEa2JwNjh2a2JUX2xiU09qSWJjSnVDdXcyc1hfTVV4RktVdkdNVXA3cl9MYlgwX1o2WWlnSEVrZnRmYUNSM2o2NzFwOHZHZjM1WV9DSVF1ZnZkd1JjSEtUb1BZWnZxczZnLVg3ZWY5Q0NxU0FLcTBIVzJ5a20xU1ZrSmVB?oc=5,Google News: Indonesia: Japan workers,google_news,インドネシア,2026-09-03T21:30:53+00:00,2026-09-04T00:49:35.030060+00:00,ニュース（外国人・ビザ）,ニュース（外国人・ビザ）;その他,7,外国人材;EPA;Jepang,,,日本語概要: インドネシア発の日本就労・外国人材関連情報です。 / 原文抜粋: Lulusan SMK Sulsel Berpeluang Kerja di Jepang hingga Dubai Lulusan SMK Sulsel Berpeluang …,南スラウェシ州（スルセル）の職業高校（SMK）卒業生が、日本やドバイなど海外で働く機会を得られるとインドネシアで報じられた。,中,
363,RI jajaki kolaborasi peningkatan keterampilan SDM dengan Jepang,https://news.google.com/rss/articles/CBMiqwFBVV95cUxPOFJSUE41UWpHMjh2WHdFTW9zc05XR3hPam5jM1dvNVFxb0ZLM2owejJmUHU0MTJDRTVzWHViMFFHeDBPclRRbGxfaUlkNzd3eWRRLTFObS1rdTdzT1dHc19fVHFWMEczdDJ0cjZEZERNM1hUNERwLS1nWkVZbXFvS2RyM3Y5dkt2QS1lQjRXdFJuMGsxOU9veU1iZHVTcnFqUFN4bDFnSExXalnSAasBQVVfeXFMTzhSUlBONVFqRzI4dlh3RU1vc3NOV0d4T2puYzNXbzVRcW9GSzNqMHoyZlB1NDEyQ0U1c1h1YjBRR3gwT3JUUWxsX2lJZDc3d3lkUS0xTm0ta3U3c09XR3NfX1RxVjBHM3QydHI2RGRETTNYVDREcC0tZ1pFWW1xb0tkcjN2OXZLdkEtZUI0V3RSbjBrMTlPb3lNYmR1U3JxalBTeGwxZ0hMV2pZ?oc=5,Google News: Indonesia: Japan workers,google_news,インドネシア,2026-08-27T09:54:56+00:00,2026-09-04T00:49:35.029990+00:00,ニュース（外国人・ビザ）,ニュース（外国人・ビザ）;その他,7,外国人材;EPA;Jepang,,,日本語概要: インドネシア発の日本就労・外国人材関連情報です。 / 原文抜粋: RI jajaki kolaborasi peningkatan keterampilan SDM dengan Jepang RI jajaki kolaborasi peni…,インドネシア政府が、人材（SDM）の技能向上を目的に日本との協力の可能性を探っている。,中,
361,「本当に頼りにしている」活躍広がる「特定技能」の外国人ヘルパー　訪問看護“解禁”で現場は？背景に…深刻な介護士不足「やりがいがある仕事」外国人人材は超高齢化を支える欠かせない存在に,https://news.google.com/rss/articles/CBMidEFVX3lxTE1lWVJXV1hrVEx2X0xvcWJkckdfTHRFTEhKZVdGZmRuR3hqRHotS25jWEJwZ2lzOVJOMFVLN1NZY2ZPYXQzU0t6NDU3b1JUNjQ1LVRfeHhLMm1aM09GbE55UndsNVl3WXVXdVphbEZOU3JJWFMt0gF6QVVfeXFMUDNfVnhRdmFuajU3cW1NbGlQVHFoVVlkc2FpcjlTYTZITUdMbUlJcExpVVBXX1BmbW11MWZLc2lzLXBMTFlPN2hDRko5N2V2bFI3bDlhY1FBZ0E4ZFA2Tmc1dGZBcWlaLUVWVWI4dFpIUTgxYm9hazhLVkE?oc=5,Google News: 福岡県 外国人介護人材 補助金,google_news,,2026-09-03T04:02:00+00:00,2026-09-04T00:49:35.029636+00:00,ニュース（外国人・ビザ）,ニュース（外国人・ビザ）;その他,4,特定技能,,,掲載元: ｄメニューニュース,特定技能の外国人ヘルパーが訪問看護の現場でも活躍できるようになり、深刻な介護人材不足が続く中で超高齢化を支える存在として頼りにされている。訪問系サービスへの解禁を受けた現場の受け止めを伝えている。,高,
360,「採用してから教育」から「採用前から企業別に育成」へ―インドネシア大手ホテル「サヒッド・グループ」×インドネシア総研、日本の宿泊・外食業向け特定技能人材の育成を本格化,https://news.google.com/rss/articles/CBMickFVX3lxTE1TUkI1Q2tiRTJYeW9xNE50YjBqcU11U2M3Y3l5ZjFGTDVkbnBPZjVSR29VUi1YZ19jbjdpci1nTUJLa2Z0ZzhDVGNtaG90ZWItRWpvaXNieGVCVUU1U2tuaDFCUWpOY0hNcGdfNC1LM2hYQQ?oc=5,Google News: 特定技能 日本語教育 支援,google_news,,2026-08-26T01:15:31+00:00,2026-09-04T00:49:35.029205+00:00,ニュース（外国人・ビザ）,ニュース（外国人・ビザ）;その他,4,特定技能,,,掲載元: Infoseek,インドネシア大手ホテルのサヒッド・グループとインドネシア総研が、日本の宿泊・外食業向けの特定技能人材について、採用前から企業別に育成する取り組みを本格化させる。従来の「採用してから教育」を改め、受入企業ごとのニーズに合わせた事前育成に切り替える。,高,
359,オンライン日本語学校「AOJランゲージスクール」2026年秋入学第2回オンライン学校説明会を開催 学校担当者に直接質問も可能,https://news.google.com/rss/articles/CBMiW0FVX3lxTE1GWHZJQXJYMkpqUWJJc0FTaHJ1UzM3c3F6cjhmNkFoT2d6M09qS0VpVnVlektMbTBlRVBaTWMyUC1MdjdlaUkwV2hxaGxmdlNWa1ptZThMb2RRRFE?oc=5,Google News: 日本語学校 入学前教育,google_news,,2026-09-03T02:00:00+00:00,2026-09-04T00:49:35.028929+00:00,ニュース（日本語教育）,ニュース（日本語教育）,4,日本語学校,,,掲載元: valuepress,オンライン日本語学校「AOJランゲージスクール」が、2026年秋入学を希望する人向けに第2回オンライン学校説明会を開催する。学校担当者に直接質問することもできる。,中,
334,"Geser Paradigma Penempatan Pekerja Migran, Kemnaker Tekankan Pelindungan Komprehensif Tenaga Kerja di Jepang",https://news.google.com/rss/articles/CBMizwFBVV95cUxQcklUZWZIcWZXT2xzV011NTI1NXQ2eTY1ZHpCWEhYM1FJOHVORkdSN3JKVzNOOENFcHZ3VGNOeFhIbTBHLVBVVE9laVpIeHlNWHZPQThCMG1MQVZSYUVMb1ZxVy1CeGo4UUdQV3AwbG1KUWdlSGlXTmNrUlpoVTdTekpQblZWTkdIRGxLSG5Dd2NseDZfZnk1YjFQUUNsNFZuaHo3Z2RSSGdMOG0tRFRoUHNBX25FOExjUnZKS0lhMzF3M1RtOFdBdjVaa0RiQ0E?oc=5,Google News: Indonesia: Japan workers,google_news,インドネシア,2026-08-26T03:13:54+00:00,2026-09-02T00:52:08.267034+00:00,ニュース（外国人・ビザ）,ニュース（外国人・ビザ）,10,EPA;Jepang;pekerja migran;pekerja,,,"日本語概要: 日本就労を目指すインドネシア人候補者向け情報です。 / 原文抜粋: Geser Paradigma Penempatan Pekerja Migran, Kemnaker Tekankan Pelindungan Komprehensif Ten…",インドネシア労働省（Kemnaker）が、移住労働者の送り出しの考え方を転換し、日本で働くインドネシア人労働者への包括的な保護を重視する方針を示した。日本就労を目指すインドネシア人候補者が対象。,中,
350,特定技能業界をリードするONODERA USER RUN インドネシア2校目となるOUR BLOOMING ACADEMYメダンセンター開校,https://news.google.com/rss/articles/CBMie0FVX3lxTE55bW0zS0tCbFM3Y0NwdG5EaXdoWTdIUjAyR0x0dGpJbm1vOHpJdzcyX2pTSTNYRVVZbzRIY0FzaFlEQmV4eWlKVlFoaHhRR1UweVJvRlBKeGRwai1IREd2QkVLN0pac2tUMjRkR3c0ZF96YW1kYUJpekw5WQ?oc=5,Google News: 特定技能 日本語教育 支援,google_news,,2026-08-31T08:18:36+00:00,2026-09-02T00:52:08.266157+00:00,ニュース（外国人・ビザ）,ニュース（外国人・ビザ）,4,特定技能,,,掲載元: ニコニコニュース,ONODERA USER RUNが、特定技能人材の育成を担うインドネシア2校目の拠点「OUR BLOOMING ACADEMY メダンセンター」を開校した。,中,
318,Zenken、インドでIT組織の立ち上げ支援 人材採用や日本語教育,https://news.google.com/rss/articles/CBMibEFVX3lxTFBZcTZDbk9mQVRPeE9DSl9rZGJudS13ZDFuZjY1bVFHOVA5QXVEV2ZFbFdXc2FBQUs3LXhCUlJjeERSaWtnakp3VXNrTGszb1ZGaHZHdW1GajNuMzZPcHotM3EtaFhEY0U2TlVsbA?oc=5,Google News: 日本語教育 補助金,google_news,,2026-08-20T07:00:00+00:00,2026-09-02T00:52:08.265922+00:00,ニュース（日本語教育）,ニュース（日本語教育）;その他,4,日本語教育,,,掲載元: nikkei.com,Zenkenがインドで、日本企業向けのIT組織の立ち上げを支援する。人材の採用や日本語教育も手がける。,中,
335,気候変動予測先端研究プログラム 公開シンポジウム 「海から見る地球温暖化～変わりゆく海が教えてくれる地球の今～」 開催のお知らせ,https://www.mext.go.jp/b_menu/houdou/2026/mext_01676.html,文部科学省 報道発表,page,,,2026-09-01T01:42:17.608263+00:00,その他,その他,3,自治体,,,Source page: https://www.mext.go.jp/b_menu/houdou/index.htm / 1．シンポジウム開催趣旨 文部科学省の「気候変動予測先端研究プログラム」では、気候変動メカニズムの解明や自治体・民間企業等の気候変動対策におけるニーズを踏まえた高精度な気候変動予測データの創出などを通じて、私たちが直面している気候変動・地球温暖化の問題に取り組んでいます。,文部科学省が、気候変動予測先端研究プログラムの公開シンポジウム「海から見る地球温暖化～変わりゆく海が教えてくれる地球の今～」を令和8年9月15日（火）13時～15時50分にオンラインで開催する。参加費は無料で事前登録制、プログラム内の研究者3名が海と大気の関わりや生き物・人間社会への影響を紹介する。,無関係,
351,日本語学校で無資格教員5人が授業 入管が立ち入り調査、改善指導,https://news.google.com/rss/articles/CBMiZ0FVX3lxTE1HdWUtd1V5NloxcC1XU2t1TFBuZGY0Q3B3SjJYd1BLQzd5OFREaGF5blFZdW1YOWdGMzlnX0drcHRsWVpjNmNvSFVQUkJvbUdRTTNMZDJabjQ5NGh5dUVaeWxaUUJTd1k?oc=5,Google News: 文化庁 日本語教育 公募,google_news,,2026-08-22T07:00:00+00:00,2026-09-01T01:42:17.607226+00:00,ニュース（外国人・ビザ）,ニュース（日本語教育）;ニュース（外国人・ビザ）,4,日本語学校,,,掲載元: 朝日新聞,日本語学校で資格のない教員5人が授業を担当していたとして、出入国在留管理庁が立ち入り調査を行い、学校に改善を指導した。,中,
317,【外国人材の受け入れ企業必見／無料セミナー】「そこそこ話せるのに指示が伝わらない…」その原因は本当に外国人社員の日本語力ですか？,https://news.google.com/rss/articles/CBMie0FVX3lxTFB1TDl0ZmlWWU5QVWJSNzhnUndHM2tHMXY3VWc1cE43UGctY0xQRHNLT1UxQXJKbnVLbjFmMWpQcG9TUVA3MnI4cFlVS1VQVkE1SnNtVEh4TUZETDBsT0JPd0VtRTgtNkstTTZjQ3pmdE1TXzhEWHRHWE9IWQ?oc=5,Google News: 育成就労 日本語,google_news,,2026-08-18T07:00:00+00:00,2026-09-01T01:42:17.607163+00:00,ニュース（外国人・ビザ）,ニュース（外国人・ビザ）;その他,3,外国人材,,,掲載元: ニコニコニュース,外国人材を受け入れる企業向けの無料セミナーの案内。「そこそこ話せるのに指示が伝わらない」という職場の課題について、原因が外国人社員の日本語力だけにあるのかを問い直す内容。,中,
260,外国人材の日本語教育プログラム構築 アジアの風、中小企業団体中央会と連携,https://news.google.com/rss/articles/CBMiUkFVX3lxTE9XSXdNcXREZ2RoblJVMm9TbElhMUx5WFhVS0NidktvV0pDd0NYM1Z1VEM2dVNONHRTU3RxX2dNUVZQZWZUTk9nQ0Q5N1dfWVJfWWc?oc=5,Google News: 育成就労 日本語,google_news,,2026-08-29T10:31:00+00:00,2026-09-01T01:42:17.606783+00:00,ニュース（外国人・ビザ）,ニュース（日本語教育）;ニュース（外国人・ビザ）;その他,7,日本語教育;外国人材,,,掲載元: 山陽新聞,アジアの風が中小企業団体中央会と連携し、外国人材向けの日本語教育プログラムを構築する。山陽新聞が報じた。,高,
347,日本の特定技能と韓国のE-9｜大泉稔 - mbp-japan.com,https://news.google.com/rss/articles/CBMiY0FVX3lxTE5wWnYwNVlnSmttb2Z6SlJFbWtvMjRwVDVZUGEzako2TEtCSXNfZ21PRUtkWk9IXzZJRFNvSEc0ZDZCQzRMVXlNdkJBdkNCdXU2UF9YM2lpMWZ0aTdaYlhjb2Vyaw?oc=5,Google News: 育成就労 日本語,google_news,,2026-08-30T22:58:25+00:00,2026-08-31T01:08:38.999129+00:00,ニュース（外国人・ビザ）,ニュース（外国人・ビザ）,4,特定技能,,,,日本の特定技能制度と韓国の雇用許可制（E-9）を比較し、外国人材受け入れ制度の違いを論じるコラム。,中,
337,スリランカから特定技能人材13人が到着 医療機関でヘルパー業務担う 人手不足解消へ,https://news.google.com/rss/articles/CBMibkFVX3lxTE41QkFLdGVDaDV2aG9pVmNUX3EwbVZ0R3VYS0NjSi1fZndVdTBDa09GVHFfMlY0dVJLTGdqQjVlV05HcjRDaDJSdFNOTXd4TnFFNHY3TmUxZVdPRlRIbm91bWxWZjA1UUJtUTY0NERn?oc=5,Google News: 福岡県 外国人介護人材 補助金,google_news,,2026-08-26T22:35:19+00:00,2026-08-30T01:07:32.728209+00:00,ニュース（外国人・ビザ）,ニュース（外国人・ビザ）;その他,4,特定技能,,,掲載元: au Webポータル,スリランカから特定技能の外国人材13人が来日し、医療機関でヘルパー業務に就く。人手不足の解消が狙い。,中,
312,Cứu trợ công dân Việt Nam bị thảm họa động đất ở Kumamoto Nhật Bản,https://news.google.com/rss/articles/CBMirwFBVV95cUxQYXVKVVI3UmhJRlBQd2hkQXpVN1dVYVA1NWZqMzhQc2Y3bHdOSkF0NElpOWdpLU1jWWxzSVJiaWxRa19yN2RVamhPZHFNejdLQ0FBWEdOUDhsYjFHVF80MkRDZHVhWDZxdmlMLWdmQjRqNzdpb2hTa01KOVFtT0lZX2psaDhYOE9xOU9NYy1DOFpJRm0zdzBvN0dERU9rYWFXZ3ZZTl9Xb1J5b3QybzQ0?oc=5,Google News: Vietnam: Japan workers,google_news,ベトナム,2026-08-15T07:00:00+00:00,2026-08-29T04:03:12.356614+00:00,ニュース（外国人・ビザ）,ニュース（外国人・ビザ）;その他,4,外国人材;Nhật Bản,,,日本語概要: ベトナム発の日本就労・外国人材関連情報です。 / 原文抜粋: Cứu trợ công dân Việt Nam bị thảm họa động đất ở Kumamoto Nhật Bản Cứu trợ công dân Việt …,熊本県で発生した地震の被災者となったベトナム人住民を支援する動きを伝えるベトナム語の報道。,低,
326,Plan・Do・See Global 、スリランカの日本語学校「光日本語インターナショナル」との業務提携を開始,https://news.google.com/rss/articles/CBMiakFVX3lxTE1CV2lsa25qYTlmWlJhMEk4ODZoTWdsUFg5ak5CQW9FT1NybmhMbFBjMThFeUNZYXhydDF2Sl9XY3hBTTlFdVV5S1NNSGFQQm5NMl9FLWJuMXYtRjJ1dnIxeUN1WktQWFZxQ2c?oc=5,Google News: 特定技能 日本語教育 支援,google_news,,2026-08-15T07:00:00+00:00,2026-08-29T04:03:12.355903+00:00,ニュース（日本語教育）,ニュース（日本語教育）,4,日本語学校,,,掲載元: PR TIMES,Plan・Do・See Globalが、スリランカの日本語学校「光日本語インターナショナル」と業務提携を開始した。特定技能など日本で働く外国人材の日本語教育に関わる動きとみられる。,中,
336,オンライン日本語学校「AOJランゲージスクール」9月13日開催の日本語能力試験(JLPT)レベル別無料体験レッスン受付開始,https://news.google.com/rss/articles/CBMiW0FVX3lxTE43WXdrb2x6dEZrUWZMNHVPQi1lR3NCcEUydnFLaTVlOGFqRFlyZHlyeWhEcnRSQUdsVXcyUGQ3QWxwb0JzR0VtMFRCUHdKLXpOTDRfZy16ZWFQZHM?oc=5,Google News: 日本語学校 入学前教育,google_news,,2026-08-27T05:00:00+00:00,2026-08-28T06:48:58.074743+00:00,ニュース（日本語教育）,ニュース（日本語教育）,4,日本語学校,,,掲載元: valuepress,オンライン日本語学校「AOJランゲージスクール」が、9月13日開催の日本語能力試験(JLPT)レベル別の無料体験レッスンの受付を始めた。日本語学習者を対象としたレッスンである。,中,
160,ミャンマー国籍の方の在留資格認定証明書の有効期間の延長について,https://www.moj.go.jp/isa/10_00229.html,出入国在留管理庁,page,,,2026-08-27T04:18:31.372699+00:00,ニュース（外国人・ビザ）,ニュース（外国人・ビザ）,4,在留資格,,,Source page: https://www.moj.go.jp/isa/ / ミャンマー国籍の方の在留資格認定証明書の有効期間の延長について | 出入国在留管理庁 このページではJavaScriptを使用しています。,出入国在留管理庁は、ミャンマー国籍の方の就労に関する在留資格認定証明書（家族滞在を含む）の有効期間を、当面の間、3か月から6か月に延長する。ミャンマー労働省の送り出し制度改革や中部の震災の影響で海外労働身分証明カード（OWIC）の発給が遅れており、在ミャンマー日本国大使館で所定の手続を経て発給された有効な査証を所持している方が対象。,中,
304,倉庫の外国人材1.8万人、受け入れにWMS要件,https://news.google.com/rss/articles/CBMiSEFVX3lxTFA4RnpTLWlBamVIeEhXMWJjdk9GbXBIQ3VDSFlMTnQ1dlBWNkdnVVA5QWw2a19ndHBZM2sta25BYjVJTjB2S1Brbw?oc=5,Google News: 育成就労 日本語,google_news,,2026-08-13T07:00:00+00:00,2026-08-27T04:18:31.371360+00:00,ニュース（外国人・ビザ）,ニュース（外国人・ビザ）;その他,3,外国人材,,,掲載元: LOGISTICS TODAY,倉庫業で外国人材を約1.8万人受け入れる見通しで、受け入れにあたってはWMS（倉庫管理システム）の導入などが要件になる。物流分野の事業者が対象。,中,
303,川崎市 「育成就労」の外国人のために日本語の授業を始める,https://news.google.com/rss/articles/CBMidkFVX3lxTE5mcnZpLWFNVmYzNDEwTGtVelZMRlJqNW9RUnlmUWdIWllnci1TWGdSazVlMXBudHI5YTRFYndPVzBUNTF3cVpCWWt1VHdvWTI1MlhSTTZYdnE5R0ZmNmFHRklvM3p3eUlmUkxEU214cHhhZDNSbGc?oc=5,Google News: 育成就労 日本語,google_news,,2026-08-13T11:41:12+00:00,2026-08-27T04:18:31.371316+00:00,ニュース（外国人・ビザ）,ニュース（外国人・ビザ）,4,育成就労,,,掲載元: NHKニュース,川崎市が、育成就労制度で働く外国人を対象にした日本語の授業を始める。NHKニュースが報じた。,高,
302,【特許取得】EduTechJapan、「日本語教育の参照枠」に準拠した成績連動型Can-do自動判定ロジックの特許ライセンスを完全無償公開,https://news.google.com/rss/articles/CBMiakFVX3lxTE1EcUk4QmtNS0lJV042TUFRaVk5YVZOb3ppNWJfYm5oQzNscUNTellfRlMyV0JneGtjMDJiUDQ4WHdwMTROWVFqR0JKbFJOVFdVUEhhREFjSXVIYUoyZnpNZVN3UXJHNmx1Y3c?oc=5,Google News: 認定日本語教育機関 補助金,google_news,,2026-08-13T07:00:00+00:00,2026-08-27T04:18:31.370868+00:00,ニュース（日本語教育）,ニュース（日本語教育）,4,日本語教育,,,掲載元: PR TIMES,EduTechJapanが、「日本語教育の参照枠」に準拠した成績連動型のCan-do自動判定ロジックについて、取得した特許のライセンスを完全無償で公開した。日本語教育事業者などが自社の学習・評価システムに活用できる内容で、PR TIMESで発表された。,中,
300,物流倉庫の外国人材1.8万人受け入れへ実践解説,https://news.google.com/rss/articles/CBMiSEFVX3lxTE04MTF2akUtSUNxWl9CSEx6Yk9HNGpkQjNWeTRoX09TcDdzZm9lamQxYWp0LW5FM3pjSC1tdDNwLVVrQXp3WHVyeQ?oc=5,Google News: 育成就労 日本語,google_news,,2026-08-12T20:00:55+00:00,2026-08-25T23:25:49.215577+00:00,ニュース（外国人・ビザ）,ニュース（外国人・ビザ）;その他,3,外国人材,,,掲載元: LOGISTICS TODAY,物流倉庫分野で外国人材を1.8万人受け入れる方針について、実務面から解説する内容。育成就労や特定技能で働く外国人材を受け入れる物流事業者が主な対象。,高,
325,文科省、外国人児童日本語教育に100億円超要求でネット反発,https://news.google.com/rss/articles/CBMiO0FVX3lxTE5HVlFtY19RMGJwZXdxSS1SM2M5Vy1TejF1NGpKc3ZwV0syWkhOU3lLMnZBYml3WGExY2NJ?oc=5,Google News: 自治体 日本語教室 補助金,google_news,,2026-08-22T22:26:04+00:00,2026-08-24T23:22:26.270867+00:00,ニュース（日本語教育）,ニュース（日本語教育）,4,日本語教育,,,掲載元: t.co,文部科学省が外国人児童生徒への日本語教育に100億円超の予算を要求したことに対し、ネット上で反発の声が出ている。,高,
298,【第2回開催】物流倉庫分野「特定技能・育成就労」実践ウェビナー開催～第1回のご質問など反映！制度最新情報・他分野の成功事例・採用戦略まで実務を徹底解説～｜Infoseekニュース,https://news.google.com/rss/articles/CBMickFVX3lxTFBWdDlmbXhuUkpsNXZ2U2V3WERaM2FiUk1rMlF6clM3U0t5VTcyQXFkUjdJXzlrckdkUFNXQklXTjJQamduRkNjNWl1WXpkTW5fZXlaenVfYVJLcHhyOXJ6VVFWNHU1YUt4bjFQRVVDMElfZw?oc=5,Google News: 育成就労 日本語,google_news,,2026-08-11T05:15:23+00:00,2026-08-24T23:22:26.270741+00:00,ニュース（外国人・ビザ）,ニュース（外国人・ビザ）,8,特定技能;育成就労,,,掲載元: Infoseek,物流倉庫分野で特定技能・育成就労の受け入れを検討する企業向けに、制度の最新情報や他分野の成功事例、採用戦略を実務面から解説するウェビナーの第2回が開催される。第1回で寄せられた質問も反映した内容となっている。,中,
297,介護の特定技能外国人の学習サポートを導入 | 医療介護ネットワーク,https://news.google.com/rss/articles/CBMidkFVX3lxTFBvZjZrRDlMY2ItbXF0SXMzTzRsVnNlMnctdGE5cG00blZLd2pBLWpxeHZDM2NSMnZ3WVZQQTVCSUpWUUJucDFSVEVkN3RMRXRvUlFnZV9CMFFHMFJ6RTlXREstWGMxeXBhbm5WYUFnQjBnSlJJRlE?oc=5,Google News: 特定技能 日本語教育 支援,google_news,,2026-08-11T07:00:00+00:00,2026-08-24T23:22:26.270304+00:00,ニュース（外国人・ビザ）,ニュース（外国人・ビザ）;その他,4,特定技能,,,掲載元: ニコニコニュース,介護分野で働く特定技能外国人を対象に、学習サポートの仕組みが導入された。,高,
307,Jepang Buka Peluang Kerja untuk 100 Ribu WNI Setiap Tahun,https://news.google.com/rss/articles/CBMiowFBVV95cUxQcnV4aXdXM3RVeG1XYmYtUENwYjlZSHk2bUNNSTMxU2ZPdDFPTTRBMldmQTBMVlNVX1Z0dkdmSDNnaDdySWpudW1kM3hPZHdoTGV4bzgxTnJ1TS03ZTZDMFVRbDhlVVA4aFF6UnBRaFNmT2lnc0R6UHpRR2ZpUmdQdGk2dkg4NjFzcmNJbS1CUmZxb2NzS1lqTk0wSm8xQjdYTkl30gGoAUFVX3lxTFBoWHcxLVQwT2RUSkdqUEtrbDA1RThxdm0yVklfR28zTmVCYnhHTjZNTUQwelhZWnBtVlNLZzFjUGNFYTctM2JuWDNfenRRZTdadE5XWGJBblhURmIteFgxT2p4M29aNmFVNDVvaXVaTElUdjktUjBPNXBHMklfRkVuX0todnJmaUtCdjB4UllHSEdtT05acE8zSGMxZ0lTNUV5emZFcHc3VQ?oc=5,Google News: Indonesia: Japan workers,google_news,インドネシア,2026-08-10T07:00:00+00:00,2026-08-23T23:21:47.112323+00:00,ニュース（外国人・ビザ）,ニュース（外国人・ビザ）;その他,7,外国人材;EPA;Jepang,,,日本語概要: インドネシア発の日本就労・外国人材関連情報です。 / 原文抜粋: Jepang Buka Peluang Kerja untuk 100 Ribu WNI Setiap Tahun Jepang Buka Peluang Kerja untuk…,日本が毎年10万人のインドネシア人（WNI）に就労の機会を開くと報じられている。インドネシアから日本への外国人材の受け入れ拡大に関わる内容。,高,
293,Indonesia Siapkan 100.000 Tenaga Kerja untuk Jepang Tiap Tahun,https://news.google.com/rss/articles/CBMibEFVX3lxTE9yNXZMRTV3S1ZoeU5JSGVxRkNCMTh6N3lVUHVRLXBzQWRyTE15aUpGb1ZSRU0xc1FrUlp3LWVraUhzLVczQzZuZmpLaEVld2pGVVNGZG9VZ2tZMjJCdkVzMzZQMlJPYndsdzBHVg?oc=5,Google News: Indonesia: Japan workers,google_news,インドネシア,2026-08-09T09:17:56+00:00,2026-08-22T23:21:00.424307+00:00,ニュース（外国人・ビザ）,ニュース（外国人・ビザ）;その他,7,外国人材;EPA;Jepang,,,日本語概要: インドネシア発の日本就労・外国人材関連情報です。 / 原文抜粋: Indonesia Siapkan 100.000 Tenaga Kerja untuk Jepang Tiap Tahun Indonesia Siapkan 100.000 …,インドネシアが日本向けに毎年10万人の労働者を送り出す準備を進めているという報道。日本で就労する外国人材の供給動向に関わる内容。,中,
292,"Jepang Buka Peluang 100.000 Pekerja Indonesia per Tahun, Kampus Siapkan Satgas",https://news.google.com/rss/articles/CBMimAFBVV95cUxNOXFWYkV2TGViLU9TOERpMjNycjEyRzF0eE1HSVdfTm5pODlCTGg2bFQxd1YzYlR1Yjl3MXhDVUlkcEppcUt1X0ZSM0ZjLXRZeFZTQTFWZnh0UTN4QWVvM1lRRVpISlB3QmM1Rjd1V1dJV0ktSUx5YnVkMmROV1ZCT053YUtPZ0RVTTY1M2NOUGVyQkVKY0tDOA?oc=5,Google News: Indonesia: Japan workers,google_news,インドネシア,2026-08-09T09:50:47+00:00,2026-08-22T23:21:00.424271+00:00,ニュース（外国人・ビザ）,ニュース（外国人・ビザ）;その他,9,外国人材;EPA;Jepang;pekerja,,,"日本語概要: インドネシア発の日本就労・外国人材関連情報です。 / 原文抜粋: Jepang Buka Peluang 100.000 Pekerja Indonesia per Tahun, Kampus Siapkan Satgas Jepang Buk…",日本がインドネシア人労働者を年間10万人規模で受け入れる機会を開くと報じられ、大学側が対応のためのタスクフォース（Satgas）を立ち上げる動きがある。インドネシアの人材送り出しに関わる話題。,中,
324,キッチンでお祈り､ラマダンで動き鈍く…外国人ヘルパーとの｢それなりに覚悟が必要｣な日常《介護人材不足が深刻な日本で》,https://news.google.com/rss/articles/CBMifkFVX3lxTFBfYUhFR1c3dHdQN1lHN2ltUVlTd1ZFN3RpbTJjQl9JVjB4MFRtUmVQbFBtTllsczV0Sk1La25PTmxrX255MW50dzdqbE9TQkZFeDRDODRnVXRQcEtfRko4MWVfb0wxbDRoaDBmRExHc2VZY3JNM2Z6MzFfc0dBUQ?oc=5,Google News: 福岡県 外国人介護人材 補助金,google_news,,2026-08-16T23:30:00+00:00,2026-08-22T23:21:00.424182+00:00,ニュース（日本語教育）,ニュース（日本語教育）;その他,3,介護人材,,,掲載元: ｄメニューニュース,介護人材不足が深刻な日本で、外国人ヘルパーと働く現場の日常を扱った記事。キッチンでの礼拝やラマダン中の動きの鈍さなど、宗教・文化の違いへの対応に覚悟が必要だという現場の声を紹介している。,中,
299,川崎市川崎区 育成就労制度開始前に 日本語講座のモデル事業,https://news.google.com/rss/articles/CBMiX0FVX3lxTFA1UklaSlM0Y3RReEhwVnJNcWhPc3VhUWE1ekZHeFI2YUE5ZURUU255UkZoMG1iY0Z1aG50NUZpSTNkMnFNSDEtb3hpQkkyREhObWNmTHp4T3dUeGpoUzZV?oc=5,Google News: 育成就労 日本語,google_news,,2026-08-12T23:43:47+00:00,2026-08-22T23:21:00.424022+00:00,ニュース（外国人・ビザ）,公募・補助金・プロポーザル;ニュース（外国人・ビザ）,4,育成就労,,,掲載元: NHKニュース,川崎市川崎区で、育成就労制度の開始を前に、外国人材向けの日本語講座を行うモデル事業が実施される。NHKニュースが報じた。,高,
310,"Prabowo Ingin Anak SD Kelas 1 Sudah Belajar Bahasa Mandarin, Prancis, hingga Spanyol",https://news.google.com/rss/articles/CBMihAFBVV95cUxOTHFnRjFQZVhfNl82dUtQb05BNWx4QUFVLTFzS0FzVkR1a0g1N1lCeXhDdTNvdjFEeHhWRHVzeVRLRU5WbU9JQVMxX1RHWVZGT3EtNWswV2phRXFvVEdac20zQjFGSkJ5RkJ0SUdTd2dsb1BRZWFWZlI5VUc4bE9nTjZ6alA?oc=5,Google News: Indonesia: Japanese language,google_news,インドネシア,2026-08-14T07:37:00+00:00,2026-08-21T23:23:44.792918+00:00,ニュース（外国人・ビザ）,ニュース（外国人・ビザ）;その他,3,外国人材,,,"日本語概要: インドネシア発の日本就労・外国人材関連情報です。 / 原文抜粋: Prabowo Ingin Anak SD Kelas 1 Sudah Belajar Bahasa Mandarin, Prancis, hingga Spanyol Prab…",インドネシアのプラボウォ大統領が、小学1年生から中国語・フランス語・スペイン語などの外国語を学ばせたい考えを示した。,低,
289,一般社団法人外国人雇用協議会、横浜市「外国人材採用・定着コンシェルジュ」事業に協力,https://news.google.com/rss/articles/CBMiakFVX3lxTE1iWnFkV0RUS2lUc3VtN1ZhUjB6TlJJMU4waFlFOTFRTnFiSzFSX0tDTTZlcFAwYkVJTkxGRUViS1kzVEd1YkZEd2RCY2hrVXplbEVuLWJiR0RfMXlFNEVQV1FBc2xJTlNKV0E?oc=5,Google News: 外国人材 補助金 自治体,google_news,,2026-08-07T07:00:00+00:00,2026-08-20T23:26:05.073564+00:00,ニュース（外国人・ビザ）,ニュース（外国人・ビザ）;その他,3,外国人材,,,掲載元: PR TIMES,一般社団法人外国人雇用協議会が、横浜市の「外国人材採用・定着コンシェルジュ」事業に協力する。外国人材の採用と定着を支援する市の取り組みで、市内企業が主な対象とみられる。,中,
280,- 日越EPA訪日前日本語研修事業を６年連続受託 - 日本語教育を通して一人ひとりの可能性をひらく ～ベトナム人材の成長と未来の活躍を支援～,https://news.google.com/rss/articles/CBMiakFVX3lxTFBYVXdWaV9RcU05ZlllWF82XzhGWjZBUG5kcU5VVmd4YXM3SnM1ZlhWVmRPTk9EckZhNWh3UWhNbUV0clY5Q1ZOdFV4NVNyV19waGZGUmZrb2drSGxvYkhnSDhrRGhkbHNOMEE?oc=5,Google News: 日本語教育 補助金,google_news,,2026-08-06T07:00:00+00:00,2026-08-19T23:23:05.365270+00:00,ニュース（外国人・ビザ）,ニュース（日本語教育）;ニュース（外国人・ビザ）;その他,7,日本語教育;EPA,,,掲載元: PR TIMES,日越EPA（経済連携協定）に基づく訪日前日本語研修事業を6年連続で受託したことが、PR TIMESで発表された。ベトナム人材の成長と将来の活躍を日本語教育で支援する取り組み。,高,
291,"Peluang Kerja ke Jepang Menguat, Satgas Kampus Disiapkan untuk 100.000 WNI",https://news.google.com/rss/articles/CBMihwFBVV95cUxQcDZhREgxQ2JXYmd4NzlkcE1WdkJ0X3BGbGtlVnpPOWdJU3RIdTNObXpaR21tTWtQbFpVaUJScDdBdnpTRDducndhdUM1N2FTbUZQa1h0cVVmUGlJdkYyMHYtV09jcERsTXhVUUFra0ljVTVMeW0zYWhTclRRWXdjR2s2X00yeGs?oc=5,Google News: Indonesia: Japan workers,google_news,インドネシア,2026-08-09T09:54:16+00:00,2026-08-18T23:22:22.048404+00:00,ニュース（外国人・ビザ）,ニュース（外国人・ビザ）;その他,7,外国人材;EPA;Jepang,,,"日本語概要: インドネシア発の日本就労・外国人材関連情報です。 / 原文抜粋: Peluang Kerja ke Jepang Menguat, Satgas Kampus Disiapkan untuk 100.000 WNI Peluang Kerja …",インドネシアで日本就労の機会が広がっており、10万人のインドネシア人を対象に大学を拠点とするタスクフォースが準備されている。,中,
287,【育成就労制度】日本語要件に関する最新情報提供セミナーを開催｜Infoseekニュース,https://news.google.com/rss/articles/CBMickFVX3lxTE5YZ01uYTRkd2xnd3hyT2w3YU9rZmRJZFBBV2RMU3FEdkNCUHhrdnM4UVlZV1YtQTZqUnM1S0xBRmVSZHYxcnhKTlY3YklBSVczR3hKQTR0MmNkWUI4cUxsMHNZbmVTRmlWS3B6akM5VG9XQQ?oc=5,Google News: 育成就労 日本語,google_news,,2026-08-05T07:00:00+00:00,2026-08-18T23:22:22.048178+00:00,ニュース（外国人・ビザ）,ニュース（外国人・ビザ）,4,育成就労,,,掲載元: Infoseek,育成就労制度の日本語要件に関する最新情報を提供するセミナーが開催される。育成就労で外国人を受け入れる企業や関係者が対象とみられる。,高,
277,【育成就労制度】日本語要件に関する最新情報提供セミナーを開催,https://news.google.com/rss/articles/CBMiakFVX3lxTFBBR24zVE42QmZ3OEdOTXNUTHFMNlBJNktPVF8xY1FRcFFTRnVXekJtWFpDcGlZTGtqYm52NW5POF9PZWllMURkRlN0YUgxdXY4MXl1VEhRUFl0TkRGODUzb2t4d21aSUNiWVE?oc=5,Google News: 育成就労 日本語,google_news,,2026-08-05T07:00:00+00:00,2026-08-18T23:22:22.047978+00:00,ニュース（外国人・ビザ）,ニュース（外国人・ビザ）,4,育成就労,,,掲載元: PR TIMES,育成就労制度の日本語要件に関する最新情報を提供するセミナーが開催される。PR TIMESで発表された案内で、受入企業や支援機関などが制度対応の情報を得る機会となる。,高,
313,Hiệu quả chính sách đưa lao động Việt Nam đi làm việc ở nước ngoài theo hình thức phi lợi nhuận,https://news.google.com/rss/articles/CBMisgJBVV95cUxPb0RDM0VBZUtzTERZVnRHLVJhX01pY0FzVFF6ekN4ZEc1SFkyZWlnOVNOZUNCM2x4ckF5Sm1hcTBYV1g3bk1fbUkxeFcwQzZFRmZqajJ3VGVuUWhkbnJuUS10bVBLT1piSGhaN0lVN0pYQ2tKc2YzakJ0VFdIVXUtdl8zclhzNl9ZejZwZDJsUC1sQnptUlRUdTE2NWFFQW9lRUhwRklHVEJ0SjJ0RklTcDdTUXkwRmlmeW9LbGxuWjUtbUpWVjFPZERXY3RpWW5ydm1SUTJVVnVnazB4WnpkbGM0V3o2NFd0ZHAtZlhvbWgxelNvaXNBNkVqejNYVnhPRHE3R0pwWWREOXNMVUQ1Y0JhVl9RSkFjVVJQemo0LVViSjdKNFpwWmVIYVlVYVVBWFE?oc=5,Google News: Vietnam: Japanese language,google_news,ベトナム,2026-08-04T07:00:00+00:00,2026-08-17T23:23:00.432174+00:00,ニュース（外国人・ビザ）,ニュース（外国人・ビザ）;その他,6,外国人材;lao động,,,日本語概要: ベトナム発の日本就労・外国人材関連情報です。 / 原文抜粋: Hiệu quả chính sách đưa lao động Việt Nam đi làm việc ở nước ngoài theo hình thức phi lợi…,ベトナムが進める、非営利型（phi lợi nhuận）で自国の労働者を海外へ送り出す政策の成果を扱ったニュースで、ベトナム人労働者の海外就労が対象です。,中,
294,"Peluang ke Jepang Makin Terbuka, Satgas Kampus Siapkan 100.000 WNI",https://news.google.com/rss/articles/CBMikgFBVV95cUxONmlxRjZGNVhTVF9qOGtCZkthSUZOMWlJYWVDN0ZCaEttNXNhcVZablNhQTgzclI2UWdYZGdSa0g4VVdmLW43anNPZ0VMcEFBMzZyc2x4clBBYnE3b0w0bkNqcF9xVjVEZ2hmcG5pTkxnWG02ZTFoYUxpTk1Qdjd5MHN3Z2lNNG9NUFhwXzlDM0x4dw?oc=5,Google News: Indonesia: Japan workers,google_news,インドネシア,2026-08-09T09:17:22+00:00,2026-08-17T23:23:00.432052+00:00,ニュース（外国人・ビザ）,ニュース（外国人・ビザ）;その他,7,外国人材;EPA;Jepang,,,"日本語概要: インドネシア発の日本就労・外国人材関連情報です。 / 原文抜粋: Peluang ke Jepang Makin Terbuka, Satgas Kampus Siapkan 100.000 WNI Peluang ke Jepang Maki…",インドネシアで、大学のタスクフォース（Satgas Kampus）が日本での就労を目指すインドネシア人10万人を準備するという動きが報じられた。日本への就労機会が広がっていることを背景にした人材送り出しの取り組み。,中,
316,Japan’s food service sector has high hopes for skilled foreign workers,https://news.google.com/rss/articles/CBMizAFBVV95cUxNeTJaQ19TWHZ6LW1UVDhzLVNhLS1IeU1CWGt2VXVoeFNGQ0ROR0RFbi1YRjVZajZMWjhpLXZjOV9tWU1ZbUxBX0lDQVcxamd6QzZERHRzUnlSUkpLMnRzaDNtbk1KUEpGcTRiTXdZam04NUxSc05TRzN6cWZyY0h6dEgwMm5nSm1lcDdXbTdyVGl0WnAwY1gwSUJjZTVNVUZsZjMyekhCMnhKb2JKcldnZ0didFJxNk5obndlWm5BTnNaZjlzbGZpc3dsVk4?oc=5,Google News: Philippines: Japan work,google_news,フィリピン,2026-08-04T07:00:00+00:00,2026-08-17T23:23:00.431748+00:00,ニュース（外国人・ビザ）,ニュース（外国人・ビザ）,3,foreign workers,,,日本語概要: 労働・雇用関連の告知として確認対象です。 / 原文抜粋: Japan’s food service sector has high hopes for skilled foreign workers Japan’s food servi…,日本の外食産業で、特定技能の外国人材への期待が高まっていることを伝えるニュース。外食分野の人手不足を背景に、外国人材の受け入れ拡大が注目されている。,中,
314,特定非営利活動法人デジタルラーニング・コンソーシアム：(株)シュビキ 特定技能に繋がる育成就労制度に向け定額・見放題eラーニング拡充強化,https://news.google.com/rss/articles/CBMiW0FVX3lxTE04TjAwamppbEF5MkhqRGJMb1R2bGowMkZjM1NNMXl0OUVIYUg5VWd2RVRwcDJmZUJDdHh4ckpEcDJSSm9fSzl3dGpKSjkxN3Bldm01ejRsZk1ncFE?oc=5,Google News: 育成就労 日本語,google_news,,2026-08-06T07:00:00+00:00,2026-08-17T23:23:00.431600+00:00,ニュース（外国人・ビザ）,ニュース（外国人・ビザ）,8,特定技能;育成就労,,,掲載元: 朝日新聞,株式会社シュビキが、特定技能につながる育成就労制度に向けて、定額・見放題のeラーニングを拡充・強化する。特定非営利活動法人デジタルラーニング・コンソーシアムに関連する取り組みとして報じられた。,中,
276,PENGUMUMAN PELAKSANAAN INTERVIEW KANDIDAT NURSE (KANGOSHI) DAN CAREWORKER (KAIGOFUKUSHISHI) PROGRAM G TO G KE JEPANG BATCH XX PENEMPATAN TAHUN 2027,https://kp2mi.go.id/gtog-detail/jepang/pengumuman-pelaksanaan-interview-kandidat-nurse-kangoshi-dan-careworker-kaigofukushishi-program-g-to-g-ke-jepang-batch-xx-penempatan-tahun-2026,インドネシア KP2MI/BP2MI G to G Japan,overseas_official,インドネシア,2026-08-03T00:00:00+00:00,2026-08-16T23:19:58.402668+00:00,ニュース（外国人・ビザ）,ニュース（外国人・ビザ）;その他,14,careworker;G to G;EPA;nurse;Jepang,,,日本語概要: 試験実施・参加手順に関する情報です。インドネシア政府の G to G 日本派遣プログラムに関する告知です。EPAの看護師・介護福祉士候補者に関係します。 / 原文抜粋: PENGUMUMAN PELAKSANAAN INTERVIEW KANDIDAT NURSE (KANGOSHI) DAN CAREWORKER (KAIGOFUKUSHISH… / Source page: https://kp2mi.go.id/gtog-data/jepang/Pengumuman?draw=1&start=0&length=20 / 一覧掲載日: 3 August 2026,インドネシア政府のG to G日本派遣プログラム（EPA）第XX期（2027年配属）について、看護師・介護福祉士候補者445人（看護42人、介護403人）の面接を2026年8月24日、26〜29日にジャカルタのホテル・チプトラで実施する。面接はJICWELSと受入施設が行い、JICWELSのマッチングアカウント未登録者は辞退扱いとなる。,中,
315,"Liên hiệp Hội người Việt Nam tại Nhật Bản khảo sát tình hình, hỗ trợ cộng đồng sau động đất ở tỉnh Kumamoto",https://news.google.com/rss/articles/CBMi1gFBVV95cUxNTlQ0ajhrT0xhY2RkcFc4RldWd0pPSFJ0UUFtRlFoM2dRU244TkhJQnZULXdYYXpHYkhtNHNndllma3U1WlN3aHM0d29tVE80eVVxc3I3MDZucmN3cDRJeU96VURlSlV1RFJMNExtN0ZmeXBKX21Wa2NzNWZsM05tWUI0UXBXYlhwNDNlSlg3U2dqd1pYUkZ3SUgtSFBQZ3ZIU1QxZzRSYUdtQm1pWnR1VjQzd2Rjbnd6TkxWMlIwSVpMNThFYk5rdWxYZlRKSHN1VmQyNTNR?oc=5,Google News: Vietnam: Japan workers,google_news,ベトナム,2026-08-15T13:41:01+00:00,2026-08-16T23:19:58.402441+00:00,ニュース（外国人・ビザ）,ニュース（外国人・ビザ）;その他,4,外国人材;Nhật Bản,,,"日本語概要: ベトナム発の日本就労・外国人材関連情報です。 / 原文抜粋: Liên hiệp Hội người Việt Nam tại Nhật Bản khảo sát tình hình, hỗ trợ cộng đồng sau động đ…",在日ベトナム人協会連合会が、熊本県で発生した地震を受けて現地の状況を調査し、在日ベトナム人コミュニティへの支援を行っている。,中,
311,Nhật Bản tăng cường hòa nhập người nước ngoài,https://news.google.com/rss/articles/CBMilAFBVV95cUxOMUlscmxMdlctaVFYdUFwZFBkVFlueE1Mb3FDbUx5cDZpSGtmQ0R5emthNXNvQUtjVHJPVkxnZ2hLMEEtVjRPbTNxb0FOQVhiWkoxZHdkQm5hekRhTXRRamZ2YWZad3RiQ3R0RXQzcVE3bGQ5Y0JmRDMxWEJyV2NWZ3YxYUEyazBlTjlQbS0tSEVhNlVm?oc=5,Google News: Vietnam: Japan workers,google_news,ベトナム,2026-08-14T23:30:45+00:00,2026-08-16T23:19:58.402401+00:00,ニュース（外国人・ビザ）,ニュース（外国人・ビザ）;その他,4,外国人材;Nhật Bản,,,日本語概要: ベトナム発の日本就労・外国人材関連情報です。 / 原文抜粋: Nhật Bản tăng cường hòa nhập người nước ngoài Nhật Bản tăng cường hòa nhập người nước ngo…,日本が外国人の受け入れ・社会統合（共生）への取り組みを強化していると、ベトナム語メディアが伝えている。,中,
285,"Động đất tại Nhật Bản: Cộng đồng người Việt dần ổn định, công tác cứu hộ cơ bản hoàn tất",https://news.google.com/rss/articles/CBMi2wFBVV95cUxNUnN5YUtEM0hwOVFBVjgzb09ubjhsUmt0dlR0VUJHb2YybUlpZ2JTZnlXMW9WTTlqTnpZTGFtOXp2N0g2UWJWSE1CY3ZvS01EbGdYUGZqbTQxYXNLa3FiOV95VWRmamVCSDZJMm9YUTg5YWkwRlo1c1dUOHFQODFFUy1aTmhDMkV6RmpoSlcyeUNGQkFWcGhaMFhfT0VqanB6WlNqdklIS3E2d29ERENkYWVTbnNfU1Q5RXhrc2FDamxOUlhIUEFKYU10NGc0QThxcHZTUURCdEVuSWs?oc=5,Google News: Vietnam: Japan workers,google_news,ベトナム,2026-08-03T07:00:00+00:00,2026-08-16T23:19:58.402350+00:00,ニュース（外国人・ビザ）,ニュース（外国人・ビザ）;その他,4,外国人材;Nhật Bản,,,"日本語概要: ベトナム発の日本就労・外国人材関連情報です。 / 原文抜粋: Động đất tại Nhật Bản: Cộng đồng người Việt dần ổn định, công tác cứu hộ cơ bản hoàn tất …",日本で発生した地震を受け、在日ベトナム人コミュニティの状況が徐々に落ち着き、救助活動もおおむね完了したと伝えるベトナム発のニュース。,低,
308,"Di Pidato Kenegaraan, Prabowo Ingin Sejak SD Bahasa Asing Diajarkan, Mutlak Harus Dikuasai",https://news.google.com/rss/articles/CBMiwgFBVV95cUxNV204OWMzVmJMQlRYSm5Lc2ZQbm8ybG9Kci1tRXl5emdjdXk4My13NTEwdWoxbEJLVE1MRzVfMVhBbjdzR21lTUYtY2Jfd3NnU2RDNnlxdGVISHB5SEF6ZnZiVzJNanYxdVVES00xUHdFbjlCaDR4N3lnUHdma0Utd1pubU1QNnlFSDFSdDlseHJ4M3JJaGRaN0UyWl92ME95X3BYWnpOcUpGRTB4UFRrc291bGdZajNETTl6TkhuRnZXd9IBwgFBVV95cUxNV204OWMzVmJMQlRYSm5Lc2ZQbm8ybG9Kci1tRXl5emdjdXk4My13NTEwdWoxbEJLVE1MRzVfMVhBbjdzR21lTUYtY2Jfd3NnU2RDNnlxdGVISHB5SEF6ZnZiVzJNanYxdVVES00xUHdFbjlCaDR4N3lnUHdma0Utd1pubU1QNnlFSDFSdDlseHJ4M3JJaGRaN0UyWl92ME95X3BYWnpOcUpGRTB4UFRrc291bGdZajNETTl6TkhuRnZXdw?oc=5,Google News: Indonesia: Japanese language,google_news,インドネシア,2026-08-14T06:22:29+00:00,2026-08-16T23:19:58.402253+00:00,ニュース（外国人・ビザ）,ニュース（外国人・ビザ）;その他,3,外国人材,,,"日本語概要: インドネシア発の日本就労・外国人材関連情報です。 / 原文抜粋: Di Pidato Kenegaraan, Prabowo Ingin Sejak SD Bahasa Asing Diajarkan, Mutlak Harus Dikuasa…",インドネシアのプラボウォ大統領が国家演説で、小学校（SD）段階から外国語を教え、習得を必須とする方針を示した。,低,
271,外国人採用企業様必見！9月9日（水）「新制度『育成就労』完全ガイド～制度移行と実践的な日本語学習支援～」オンラインセミナーを株式会社キャムグローバルと共同開催,https://news.google.com/rss/articles/CBMiakFVX3lxTFBJcjJYaDJtRlZIWWc4ZnN5X3dsV1FDTURKWEtiMGVkdmpnZEMxZGNXTXlPZnFtaTZMc1dVNGtSWkxFYkZINHo3RGhnX1d2LWdjbjkxOG5Eb0d0eExxN3AxNkNtUXhrWXo5OGc?oc=5,Google News: 育成就労 日本語,google_news,,2026-08-03T07:00:00+00:00,2026-08-16T23:19:58.401736+00:00,ニュース（外国人・ビザ）,ニュース（外国人・ビザ）,4,育成就労,,,掲載元: PR TIMES,外国人を採用する企業向けに、新制度「育成就労」への移行と実践的な日本語学習支援を解説するオンラインセミナーが9月9日（水）に開かれる。株式会社キャムグローバルとの共同開催。,高,
273,技能実習移行対象職種が追加されました（管路更生職種・豆腐製造職種・タイル製造作業）,https://news.google.com/rss/articles/CBMiVEFVX3lxTE1fanF0UTRDRVotRm4zSE83dWswMnhJdGxqQlJaWkFteDlyMnc3UFpSdmdHRXVSQmhVZlBBMDd2Rnh5a1VXcVJtQXZXSkxCcm95TTFtNA?oc=5,Google News: 育成就労 日本語,google_news,,2026-08-03T09:14:12+00:00,2026-08-16T23:19:58.401589+00:00,ニュース（外国人・ビザ）,ニュース（外国人・ビザ）;その他,3,技能実習,,,掲載元: nbc.or.jp,技能実習の移行対象職種に、管路更生職種・豆腐製造職種・タイル製造作業が追加された。技能実習から特定技能などへ移行する外国人材や、受入企業・支援機関に関わる制度変更。,中,
272,国際交流基金日本語基礎テスト（JFT-Basic）「育成就労」や「留学*」での活用も可能に,https://news.google.com/rss/articles/CBMiakFVX3lxTE5RYWZtXzBtY1gxUGlNTFo0b0I2VDV3ZU9maDQyNkJqR2hicDlud2UySEl6YXNoUVMtZHlsa21ERnA0ZnpKUXNQTlY4ZFBsNG5hQV9uaXpDLVFnUE9lYVdjT21uTW5KWUVTRFE?oc=5,Google News: 在留資格 留学生 日本語教育,google_news,,2026-08-03T07:00:00+00:00,2026-08-16T23:19:58.401238+00:00,ニュース（外国人・ビザ）,ニュース（日本語教育）;ニュース（外国人・ビザ）,8,育成就労;JFT-Basic,,,掲載元: PR TIMES,国際交流基金の日本語基礎テスト（JFT-Basic）が、育成就労や留学の分野でも活用できるようになる。育成就労で働く外国人や留学生の日本語能力を示す手段として使える点が注目される。,高,
309,"Tanpa Modal Besar! Bongkar Biaya Resmi Kerja ke Jepang via Disnaker Bandung, Pelatihan Gratis Rp10 Juta - PRFM News",https://news.google.com/rss/articles/CBMigwJBVV95cUxPb2tJaFIwNGF6V1JhSWxZcE12ZE93aXFfNzRPYmNQbWJFSHpmUnVwNFEzbEVRMklEcXJKbHNVQ0pBY1d5Y01RNWVmazE4ckRVOWpyZFNHdjlyZS1ybjE0bDNIVEdDTjhvXzlSVUdrVEh4cmhVYWpxaUcwQ3Vrc1MyN3BHcE4yM0FMTkIxTHZxQ203ekY4Tk5CUXFYbGV1eS1EUmlGVUpHUldWU2tNMjc1OTFIdW5SSkFVbk95M1V5WGhpWUZmZ0dZWWNVOFgwUnF3b3FBTEI2TFExS2tEMWt4Y0dweVJ1QmIzdGNEbmo5U1Z2ZHNycEZXZDZ1YXg2WVZFSjlB0gH8AUFVX3lxTE1JdnFNem9YMHRRbFYydlBGbXN1QnBWMFk4RnhqNFV0SUVIREFoRXJuYUlNMXBHZEtqTjFqX2VPYm9VWm9XOEFfUjJ5ZkxxUzRILVlzcXJCWURsY0t3OXpEVWhUWi1WajVjYUF0OHBRTG9acnMzZ2dJelplQmFsekFqQTlNZ0EtMi1kOEE5RDc1R3d4MXJoVEhaMjJFZEhtbTFNQ01zd3NxNGxnWUJqNHlmS0QtTEtDMU5Mc2VTT21XWmpiZTB3YjlnbzVmZkFCLTZHb0hQbnRQamhDSXM3WVI2VUwzTzdGanlHSFl6YjBqMkxJNEhVVndVS051aw?oc=5,Google News: Indonesia: Japanese language,google_news,インドネシア,2026-08-02T01:00:00+00:00,2026-08-15T23:21:18.920104+00:00,ニュース（外国人・ビザ）,ニュース（外国人・ビザ）;その他,7,外国人材;EPA;Jepang,,,"日本語概要: インドネシア発の日本就労・外国人材関連情報です。 / 原文抜粋: Tanpa Modal Besar! Bongkar Biaya Resmi Kerja ke Jepang via Disnaker Bandung, Pelatihan Gr…","インドネシア・バンドン市の労働局（Disnaker）を通じて日本で働く際の公式な費用と、約1,000万ルピア相当の無料研修について伝えるニュース。日本就労を目指すインドネシア人が対象。",中,
268,Lima Perusahaan Jepang Seleksi CPMI Jembrana untuk Program SSW,https://news.google.com/rss/articles/CBMiqwFBVV95cUxQbGR6a1V2MTBJQXNObWFSRmRDZlJnY0M0VWFzRnFvWDhHbkZ4YV9va0M1MXZCcVNBbjZwYi1UeG9qbGlUUUg5OUdoXzhJZUpOdm0xcW1QdmVETFNqOTVNdEEzcHB3VkR5M09Rbk0yV2dhWWxZZ05oXzlJUnhsU3lyMEJNSnlOVWM5SXJUUWtjZHJ1WmRUMHVvblFUQ1dXcmZSOWFIV09IMDkxTXM?oc=5,Google News: Indonesia: Japan workers,google_news,インドネシア,2026-08-02T07:00:00+00:00,2026-08-15T23:21:18.919974+00:00,ニュース（外国人・ビザ）,ニュース（外国人・ビザ）;その他,7,外国人材;EPA;Jepang,,,日本語概要: インドネシア発の日本就労・外国人材関連情報です。 / 原文抜粋: Lima Perusahaan Jepang Seleksi CPMI Jembrana untuk Program SSW Lima Perusahaan Jepang Sel…,日本企業5社が、インドネシア・ジュンブラナ県の技能実習・特定技能（SSW）候補者（CPMI）を対象に選考を実施する。特定技能プログラムでの日本就労を目指す現地人材が対象。,中,
266,Lima Perusahaan Jepang Uji Kemampuan Puluhan Calon Pekerja Migran di Jembrana,https://news.google.com/rss/articles/CBMitwFBVV95cUxOc3VxbG5ubHBGZ1dheVYzdjNRTWY0LUNDbWxIZVBYZDZBM3YyZUhDemxaVDlidDl6UllyWFFsTWFhekJsbHEyUWxUb3VEbmczZFJlS2F0MUVHdlFYdkswREJOd3pjRktJNE10eTFVYVg1bFVrVGNiX2JVWWJ5WFVwYVp6NUtlOVRkWlRqVWYwM3hHUjlmcjJtVnhwc0NaVnVCeUEyTk9XdjlleWp0elZiOHYyQzVtelU?oc=5,Google News: Indonesia: Japan workers,google_news,インドネシア,2026-08-02T13:38:31+00:00,2026-08-15T23:21:18.919924+00:00,ニュース（外国人・ビザ）,ニュース（外国人・ビザ）,10,EPA;Jepang;pekerja migran;pekerja,,,日本語概要: 日本就労を目指すインドネシア人候補者向け情報です。 / 原文抜粋: Lima Perusahaan Jepang Uji Kemampuan Puluhan Calon Pekerja Migran di Jembrana Lima Perusa…,日本企業5社が、インドネシア・バリ島ジュンブラナ県で日本就労を目指す候補者数十人の技能を試験した。インドネシア人の日本向け送り出しに関するニュースである。,中,
282,(株)シュビキ 特定技能に繋がる育成就労制度に向け定額・見放題eラーニング拡充強化,https://news.google.com/rss/articles/CBMiW0FVX3lxTE10bEtMNGpPQVZITXQ0MUw4a1pGeVIyenQzRHBwZ0JxR05mN3J2Qk9wV01tNzlFWm54V0Q1eW1lWUZOck5uM3ZnZjJtWVo5RzJaMXk1WUY2VHQxRjQ?oc=5,Google News: 育成就労 日本語,google_news,,2026-08-05T23:00:00+00:00,2026-08-15T23:21:18.919741+00:00,ニュース（外国人・ビザ）,ニュース（外国人・ビザ）,8,特定技能;育成就労,,,掲載元: valuepress,株式会社シュビキが、特定技能につながる育成就労制度の開始を見据え、定額・見放題のeラーニングを拡充・強化する。,高,
265,Nhóm lao động Việt cứu người trong động đất Nhật Bản,https://news.google.com/rss/articles/CBMilAFBVV95cUxOTDRndXNXMmoxTGRkV3pZaTYtM0wzcTVSQjVDVUlWOFBnWHRNVTFjMUpFQTFFVEhPNTFUTzN4M1ZqX2tIbWhTZUlxaGJiNzJlc3BSUWNiYlc0dWZvQWxNX3BSdUFIUGkwZ1N6a3pIR2F3Mm85YzdpejlPZXNGTVBqVDA2QkhaNXJwSTVsdnhVVkdpMlZu?oc=5,Google News: Vietnam: Japan workers,google_news,ベトナム,2026-08-01T07:00:00+00:00,2026-08-14T23:21:47.145651+00:00,ニュース（外国人・ビザ）,ニュース（外国人・ビザ）;その他,7,外国人材;Nhật Bản;lao động,,,日本語概要: ベトナム発の日本就労・外国人材関連情報です。 / 原文抜粋: Nhóm lao động Việt cứu người trong động đất Nhật Bản Nhóm lao động Việt cứu người trong đ…,日本で起きた地震の際に、在日ベトナム人の労働者グループが人命救助に当たったとするベトナム発のニュース。,中,
305,マイナビグローバル、九州拠点（福岡オフィス）を開設｜九州エリアの外国人材採用・定着支援を強化,https://news.google.com/rss/articles/CBMiakFVX3lxTE1xanVfaklsUF9tUFhnUXoyRkt2eGRBUHR1b3JsYTZQNXQ0Sk9GckctM25wWkV0YnpONE1sNWQxYzdzSmNQNktURDZRVzNWUzQ5SUN3VEtCT19USE9jd0RHeHNJTjVVVEFjeXc?oc=5,Google News: 福岡県 外国人介護人材 補助金,google_news,,2026-08-03T07:00:00+00:00,2026-08-14T23:21:47.145084+00:00,ニュース（外国人・ビザ）,ニュース（外国人・ビザ）;その他,3,外国人材,,,掲載元: PR TIMES,マイナビグローバルが福岡オフィスを開設し、九州エリアの外国人材の採用・定着支援を強化する。九州の企業が主な対象で、掲載元はPR TIMES。,中,
296,外国人材定着で意見交換　８月28日、川崎区役所で〈川崎市川崎区・川崎市幸区〉,https://news.google.com/rss/articles/CBMie0FVX3lxTE5yd0dCTV9XSUF6b2UzMGNReEQwWDczZzJtZFJIVGFuXzB5aWVGbUdDYWdTelZzck9GOUVEelJHemlKMFpEOTVvV29xaHRUd1lQbEdMbkNFSjB1ejZVT1Y2RTY5Z3NJcmpGQVpjWURBSzluTUFEUW5kY2NpZ9IBgAFBVV95cUxNYU8wdFhYVDhWUDdaN2NHSDJFUkVNZlZoM2xrNkc5WHF2VHBlVGRBeTFEMVNDbEVqYTBMMzk5WTlrTE0zaUtUMVNvOHgzdzg0eEdRaGlib1UwYXdZWWlSV3FyLV9WTlMxUjZYTTk1RmxWVW9MTFdOdTdLeFBXai11NA?oc=5,Google News: 神奈川県 外国人材 補助金 公募,google_news,,2026-08-10T07:00:00+00:00,2026-08-12T23:42:07.088372+00:00,ニュース（外国人・ビザ）,ニュース（外国人・ビザ）;その他,3,外国人材,,,掲載元: ｄメニューニュース,外国人材の定着をテーマにした意見交換が、8月28日に川崎区役所で開かれる。川崎市川崎区・幸区に関わる地域の取り組み。,中,
261,"Jepang Butuh 1 Juta Pekerja Migran, Peluang Besar Bagi Tenaga Kerja Indonesia",https://news.google.com/rss/articles/CBMixAFBVV95cUxNbWJnNXpNOW9ZYU5zZ0FrVzVHbWYwOWZxekVOanBRR2FQU3l0LUxwOTRCNmRHR1V3bENJLXQ4VVRwMVo1XzRPRHM0a2xjb3ZaRktUSGxZbklFaXU5OXhKaGFZSG5UTC1Dd0NIckM4X20tRlpKSmp5MmlmajlsUVlJTXJ4X1UyeVBUYTlNdlZ6UzlmamlqVzZpQjREN29pZkFwQWF1OTV0YVQ5NzFvRWx0a0QzN3BoMGQ3QWV3LWVLQ3UxWUtQ?oc=5,Google News: Indonesia: Japan workers,google_news,インドネシア,2026-07-29T07:00:00+00:00,2026-08-11T23:41:18.890744+00:00,ニュース（外国人・ビザ）,ニュース（外国人・ビザ）,10,EPA;Jepang;pekerja migran;pekerja,,,"日本語概要: 日本就労を目指すインドネシア人候補者向け情報です。 / 原文抜粋: Jepang Butuh 1 Juta Pekerja Migran, Peluang Besar Bagi Tenaga Kerja Indonesia Jepang Butu…",日本が約100万人の外国人労働者を必要としているとして、インドネシア人労働者にとって大きな就労機会になると伝えるインドネシア発のニュースです。日本での就労を目指すインドネシア人候補者が対象です。,中,
267,"Peluang Kerja ke Jepang Terbuka Lebar, Lima Perusahaan Gelar Seleksi CPMI di Jembrana",https://news.google.com/rss/articles/CBMirAFBVV95cUxPbHNSdEZEanBGUWNoVFNZa0J2XzlsWjhIb28xZTQtalMyUkVFd25pMjdobUNqR01XbTFJU3ZyUzFhRjV2ZjhWWVFKTlZKYWR1ZHRzeU40UVdpT3JaYms2LTdlN0dwYnZqUmhLekFRR3RWOVowOVBPaU5XX0pwWVpZTktpS2hMTFRldTE5UWs5MUVYT2Vtc08yZjcwLURYcEdobmJIQ2NZUWxZa1l3?oc=5,Google News: Indonesia: Japan workers,google_news,インドネシア,2026-08-02T07:51:06+00:00,2026-08-11T23:41:18.890634+00:00,ニュース（外国人・ビザ）,ニュース（外国人・ビザ）;その他,7,外国人材;EPA;Jepang,,,"日本語概要: インドネシア発の日本就労・外国人材関連情報です。 / 原文抜粋: Peluang Kerja ke Jepang Terbuka Lebar, Lima Perusahaan Gelar Seleksi CPMI di Jembrana Pel…",インドネシア・バリ島のジェンブラナ県で、日本での就労を希望するインドネシア人移住労働者候補（CPMI）を対象に、5社が選考を実施する。,中,
259,【業界の質向上へ】トクティー、特定技能2号・日本語検定対策オンライン講座が外部利用可能に。オンデマンドEラーニングで「会社の未来に貢献できる」外国人材の育成を支援,https://news.google.com/rss/articles/CBMiakFVX3lxTE0xbWdGcm53YlRpVmFNLWRkdWxPRmVnMjRxdEFCaWhNSnV6QkpRUWRja3JwbVlkT2FaaEVhUzltOEd1Ti1BTTEwT0YyWlVqTm9nRnotVXF0VXVsQVd2RjVnbEd6V2V6ZTdBclE?oc=5,Google News: 特定技能 日本語教育 支援,google_news,,2026-07-29T07:00:00+00:00,2026-08-11T23:41:18.889887+00:00,ニュース（外国人・ビザ）,ニュース（外国人・ビザ）;その他,7,外国人材;特定技能,,,掲載元: PR TIMES,トクティーが、特定技能2号および日本語検定の対策オンライン講座を外部向けに提供開始した。オンデマンドのEラーニングで、受入企業などが外国人材の育成に活用できる。,高,
262,5 người Việt cứu cụ bà khỏi đống đổ nát trong động đất ở Nhật Bản,https://news.google.com/rss/articles/CBMioAFBVV95cUxPMnZkY0swbUJQOTdFd3o0cVpqV0h0RFhxNzJ2Vi1XVjZoaG9mT19CWUNiRjk5X3p3SFRxS3hJUWdod0JFM0NiRm9PVEJ4MzZNVWJkd3dxNGZhU0VqcnFGUVc4ckpPX0hZVWhIa29lSnNGU3E4VXlpRTNNYnYwbENfRUV4VEswdEExcnVGQ2l2N0Q1VFFwQ3FmOEotSWZwR3A0?oc=5,Google News: Vietnam: Japan workers,google_news,ベトナム,2026-07-29T07:00:00+00:00,2026-08-10T23:35:50.750568+00:00,ニュース（外国人・ビザ）,ニュース（外国人・ビザ）;その他,4,外国人材;Nhật Bản,,,日本語概要: ベトナム発の日本就労・外国人材関連情報です。 / 原文抜粋: 5 người Việt cứu cụ bà khỏi đống đổ nát trong động đất ở Nhật Bản 5 người Việt cứu cụ bà …,日本で起きた地震で、ベトナム人5人が倒壊した建物のがれきの下から高齢女性を救出したと、ベトナム語メディアが伝えた。日本で暮らし働くベトナム人の地域での活躍を取り上げたニュース。,低,
295,"Jepang Tawarkan 100 Ribu Peluang Kerja per Tahun untuk WNI, Kampus Bersiap",https://news.google.com/rss/articles/CBMihgFBVV95cUxNQTNoX3VuOXg0clhBRlZpSjdrel9fS1V1cUNSLWd6bHVRaUxfZ3BvbGJUMDJLNTd6UzdnMk9jTnFNTVhkUmkwdUZHQ241WU9WVHhPUmVhSlZIUnBOdDdXdlFlZ3BESzB3WTRDd09kYmg4SU1uaTI1eXlmV1VuUWpXQlJnQ2Vmdw?oc=5,Google News: Indonesia: Japan workers,google_news,インドネシア,2026-08-09T09:15:54+00:00,2026-08-10T23:35:50.750462+00:00,ニュース（外国人・ビザ）,ニュース（外国人・ビザ）;その他,7,外国人材;EPA;Jepang,,,"日本語概要: インドネシア発の日本就労・外国人材関連情報です。 / 原文抜粋: Jepang Tawarkan 100 Ribu Peluang Kerja per Tahun untuk WNI, Kampus Bersiap Jepang Tawarka…",日本がインドネシア人（WNI）向けに年間10万人規模の就労機会を提供するとの報道で、これに備えてインドネシアの大学が準備を進めている。インドネシア発の日本就労・外国人材受け入れに関する動向。,中,
255,外国籍の子供 日本語教育の充実で共生図れ,https://news.google.com/rss/articles/CBMie0FVX3lxTE9wUk9qbU11UHVLLWE5bVRyOFM1ODNudUljWTZMY0ViSXN6Wk5rWm9oTmJIWjNuVmVFQnRVdU1kaUZ6SFBOQlMzcXpTQzZVdDFYS2tJeHRoZWoySXhKXzRnLXI0NWhUZ1AzNl9uemE4NXFycWE1RlRhS05xTQ?oc=5,Google News: 日本語教育 補助金,google_news,,2026-07-28T20:00:00+00:00,2026-08-10T23:35:50.749436+00:00,ニュース（日本語教育）,ニュース（日本語教育）,4,日本語教育,,,掲載元: au Webポータル,外国籍の子供に対する日本語教育を充実させ、地域での共生を図るべきだと訴える論説・ニュース。,中,
288,"8/6オンライン開催｜介護経営サミットにグローバル事業部ゼネラルマネジャーの下山田が登壇！「入国後離脱率0%。特定技能""定着""の方程式 ～現地選抜から入国後教育まで一貫支援の全貌～」",https://news.google.com/rss/articles/CBMiakFVX3lxTFBjcl9NaXlBcWh0LW4ydnhQTVpvT3pERzFZUjZ3TWRMUHN6NTM5Um0xNnNDQ2tWR0N5Rm0wRmRFQTNybzBuLU82d2RmNkhxWUJvaURLeXoxZUhCNUxjVnJGU3NKbEV1cXNZcmc?oc=5,Google News: 福岡県 外国人介護人材 補助金,google_news,,2026-07-28T07:00:00+00:00,2026-08-09T23:32:15.491671+00:00,ニュース（外国人・ビザ）,ニュース（外国人・ビザ）;その他,4,特定技能,,,掲載元: PR TIMES,"8月6日にオンライン開催される介護経営サミットで、グローバル事業部ゼネラルマネジャーの下山田氏が登壇する。演題は「入国後離脱率0%。特定技能""定着""の方程式」で、現地選抜から入国後教育まで一貫した支援の内容を紹介する。",中,
253,外国人介護人材確保へ　宮崎県などインドネシアでＰＲ,https://news.google.com/rss/articles/CBMigAFBVV95cUxPMlQzRTd6QUpDRmR6R1VoTmFMaDRZRWhWeE55cXZLaXI4OUhVSTBvaXRpZWVqYnNLaWszN2diVk1NT2FRV3NHeTZTQ01mZk9VLWdPUjRleXZYTnRJZmFRSDhpbkkyMlZNSGRfWkF2RDNvQ3ZTVEI0RDJ6aTF5QXVlddIBhgFBVV95cUxNdWJyc1d1QXN1MjRIa2NoM19wM1liOVpwcjNUXzRndjAtUGFIN2Y1VEVPbnBBSjZLckh2RjRTQlhzbUpfUUIybm5GWTQ5Ul9UeVFTb1dvd0xnWU1makdZdy0wZHlKcEo5Y3FHQTNEemdGbWpESlVSbUtoaTJSMEcydjJmUG5aZw?oc=5,Google News: 福岡県 外国人介護人材 補助金,google_news,,2026-07-27T07:00:00+00:00,2026-08-09T23:32:15.491633+00:00,ニュース（日本語教育）,ニュース（日本語教育）;その他,7,外国人介護人材;介護人材,,,掲載元: ｄメニューニュース,宮崎県などが、外国人介護人材の確保に向けてインドネシアで現地PRを行う。,中,
258,地域における日本語教育の体制づくりを応援します！令和8年度第1回 地域日本語教育とうきょう推進会議 開催,https://news.google.com/rss/articles/CBMiaEFVX3lxTE9fRDRVbm9UR3ozejdaN0ZNTWlWR1U3Z0c5aGVhcWJSNmdtZ2J3cl9MLTZaNHBVa1NSM2s0YUdGR1FKQVFBTFJRcTRVX3c2X0FPYUVDcDhsTF9NVVR1bzZfSTUzNlBYbUJG?oc=5,Google News: 地域日本語教育 支援 補助金,google_news,,2026-07-27T07:00:00+00:00,2026-08-09T23:32:15.491299+00:00,ニュース（日本語教育）,ニュース（日本語教育）,9,日本語教育;地域日本語教育,,,掲載元: my.metro.tokyo.lg.jp,東京都が、地域における日本語教育の体制づくりを支援する「令和8年度第1回 地域日本語教育とうきょう推進会議」を開催する。,中,
281,【広済堂グローバル】 外国籍介護人材・現場に嬉しい介護教育・採用・定着までのワンストップ支援を紹介Care TEX東京’26夏に出展,https://news.google.com/rss/articles/CBMiakFVX3lxTE1oTm5iY3JuZXB6TkFvS19ablVVbVowS2Fqdy1naEdGOU1hbExCWTFqZzdGb2h5c3p1TUpucGxFakdicnVRVzBMTXJBbWRJeFUtdXJhcldEZVFFY3ZFMDZTMHJJcnZFQ1N2dmc?oc=5,Google News: 日本語教育 補助金,google_news,,2026-08-06T00:30:01+00:00,2026-08-09T23:32:15.491257+00:00,ニュース（日本語教育）,ニュース（日本語教育）;その他,3,介護人材,,,掲載元: PR TIMES,広済堂グローバルが、外国籍介護人材向けの教育から採用、定着までをワンストップで支援するサービスを、Care TEX東京'26夏に出展して紹介する。介護現場で外国人材を受け入れる事業者が対象。,中,
254,育成就労制度で来日したら…その後、日本語は？｜大泉稔 - mbp-japan.com,https://news.google.com/rss/articles/CBMiY0FVX3lxTE8zWExnUkJBS2RZQndVTUhjXy1iMlNKOHpLNHF4cEhHYTZycl9aZXBpMjJ2M0NKMDRyd1pXOTN0SWd6dVktRFUtQVkycTdGZGItQm81UUJhM3lnN0pUeFNZalBVQQ?oc=5,Google News: 育成就労 日本語,google_news,,2026-07-26T07:00:00+00:00,2026-08-08T23:29:53.701663+00:00,ニュース（外国人・ビザ）,ニュース（外国人・ビザ）,4,育成就労,,,,育成就労制度で来日した外国人材が、来日後にどのように日本語を学び続けるかを取り上げた大泉稔氏のコラム。,高,
279,Nhật Bản cân nhắc siết quy chế cấp thường trú nhân cho người nước ngoài,https://news.google.com/rss/articles/CBMiqAFBVV95cUxPV0VZYnI3cjUxT0ZLRkN2bnJmbkUzcXdYd1N4RjJRWFRwM2ppWW5jTmlqY21XNG5sQTJWRUl5UmcydWdFRWdIaXFYTS1yajRjMzlhNU1ZU0lsdFFYdk9sN3hfNVhNMmxKU0RiQnNtTHV6eVpZMklCRmdCUmRVeU1mZ1A4ZmhMR3dPNnh4MjZYWkpjR042UktkdkhscDJHS19ZNklxZXNFVU4?oc=5,Google News: Vietnam: Japan workers,google_news,ベトナム,2026-08-05T01:31:39+00:00,2026-08-07T23:34:29.283593+00:00,ニュース（外国人・ビザ）,ニュース（外国人・ビザ）;その他,4,外国人材;Nhật Bản,,,日本語概要: ベトナム発の日本就労・外国人材関連情報です。 / 原文抜粋: Nhật Bản cân nhắc siết quy chế cấp thường trú nhân cho người nước ngoài Nhật Bản cân nhắc…,日本政府が外国人への永住許可の要件を厳格化する方向で検討していると、ベトナムのメディアが報じている。対象は日本で働く・暮らす外国人で、永住許可の運用見直しが焦点となる。,高,
283,香川県が外国人材雇用セミナー開催　育成就労制度の留意点など解説,https://news.google.com/rss/articles/CBMiXkFVX3lxTE5QdlhoNTkxRmJ0Q0JlZ1gzTGc5MVo5aHVyZ1Q5V0pRSHpHX0RXVUZidUplb2J4SGdJMG5vQWZqbURxWm5BRmVGOURLSGpaaC10aUV2b3A5NVM0c2pnMHfSAWNBVV95cUxPZjNlSm80cmd0N3pQTmVhT0dZbTV4bzhBVEJHeHE5Ump4OHFyb2ROUzdINWd1cDVtd0t6QS1IRzM2T21Hc0dVUWk3Y3JoZFk4c0FPWjhSLVQzUUZwQmVyUXBvQkU?oc=5,Google News: 育成就労 日本語,google_news,,2026-07-25T07:00:00+00:00,2026-08-07T23:34:29.282962+00:00,ニュース（外国人・ビザ）,ニュース（外国人・ビザ）;その他,7,外国人材;育成就労,,,掲載元: Infoseek,香川県が、外国人材の雇用を考える県内企業向けにセミナーを開催し、育成就労制度の留意点などを解説する。,高,
286,「育成就労制度における日本語教育機関の講習提供状況一覧表について」を公開しました。,https://www.moj.go.jp/isa/03_00195.html,出入国在留管理庁,page,,,2026-08-07T01:43:11.255808+00:00,ニュース（外国人・ビザ）,ニュース（日本語教育）;ニュース（外国人・ビザ）,14,日本語教育;認定日本語教育機関;育成就労,,,Source page: https://www.moj.go.jp/isa/ / そのため、認定日本語教育機関以外の日本語教育機関においても、当該機関に在籍している登録日本語教員が育成就労外国人への日本語講習の提供を行っていただくことが可能です。 / これらの講習について、育成就労法施行後５年間を目途とする当面の間の経過措置として、認定日本語教育機関による「就労のための課程」でなくとも、登録日本語教員による講習で、教師１人に対して生徒が２０人以下であることなどの一定の要件を満たしたものでも認めることとしています。 / 認定日本語教育機関 育成就労制度における日本語講習の提供に関する調査結果一覧…,出入国在留管理庁が、育成就労制度で受入れ企業や監理支援機関が日本語講習を依頼しやすいよう、日本語教育機関の講習提供状況一覧表（令和8年6月時点）を公開した。育成就労外国人はA1相当の試験合格または講習の受講と、3年間でのA2相当到達に向けた講習の受講が必要で、費用負担を含めた措置は受入れ企業の義務となる。経過措置として、登録日本語教員による講習（教師1人あたり生徒20人以下など一定要件を満たすもの）は認定日本語教育機関の「就労のための課程」以外でも認められる。,高,
284,Zenken、2年連続で兵庫県の外国人介護人材向け無料オンライン研修を2026年9月開講,https://news.google.com/rss/articles/CBMiW0FVX3lxTFBDRzl4T0N4VUZJV2NfTm12dkZCNng3ZFI3VHhLSXVweXhnRDBsbHVGYVlYdkc0Y2RLS2RDblRnU1BBRGZDQ1huTG9PRTVWa2psZWR6bXJENGI2TDg?oc=5,Google News: 福岡県 外国人介護人材 補助金,google_news,,2026-07-28T07:00:00+00:00,2026-08-07T01:43:11.254574+00:00,ニュース（日本語教育）,ニュース（日本語教育）;その他,7,外国人介護人材;介護人材,,,掲載元: 愛媛新聞,Zenkenが、兵庫県の外国人介護人材を対象にした無料オンライン研修を2026年9月に開講する。2年連続の実施となる。,高,
250,多文化共生事業の国補助金が「減額」 静岡県の一部交付率７割 全国で申請自治体増加を受け,https://news.google.com/rss/articles/CBMiTkFVX3lxTE9HYXRkT2xhVkRiSkZDXzdDbGFoSDhhbGlrdTBkNXhvVndWR1h2Q0NzenNDSlZkYThVb0ZYSzc1UHdKdmR3aFFYV1Z4VGQ4UQ?oc=5,Google News: 自治体 日本語教室 補助金,google_news,,2026-07-24T22:46:00+00:00,2026-08-07T01:43:11.254508+00:00,公募・補助金・プロポーザル,公募・補助金・プロポーザル;その他,11,補助金;補助;自治体,,,掲載元: 静岡新聞DIGITAL,多文化共生事業に対する国の補助金が減額され、静岡県内の一部事業では交付率が7割になった。全国で申請する自治体が増えたことが背景にある。,高,補助金が減額され自治体の財源が厳しくなるため、Nihongo Catch!のオンライン日本語講習を低コストの地域日本語教室代替・補完策として提案できる。
201,在留許可手数料の減額対象者のガイドライン（案）に関するパブリックコメントの実施について,https://www.moj.go.jp/isa/05_00055.html,出入国在留管理庁,page,,,2026-08-06T00:01:24.579837+00:00,ニュース（外国人・ビザ）,ニュース（外国人・ビザ）,4,在留資格,,2026-08-07T01:44:20.640406+00:00,Source page: https://www.moj.go.jp/isa/ / 在留許可手数料の減額対象者のガイドライン（案）について 在留資格の変更又は在留期間の更新の許可に係る手数料の減額対象者のガイドライン（案） 出入国管理及び難民認定法（昭和２６年政令第３１９号。 / 一 生活保護法（昭和二十五年法律第百四十四号）第六条第二項に規定する要保護者に準ずる程度に生活に困窮していると認められる者で、難民の認定又は補完的保護対象者の認定を受けている者その他の人道上の配慮をする必要があるもの 二 外交又は公用の在留資格への変更を受ける者 三 公用の在留資 / 本ガイドラインは、入管法施行令第２…,,,
200,入管法施行令等の改正に関するパブリック・コメントの実施について,https://www.moj.go.jp/isa/applications/resources/10_00001.html,出入国在留管理庁,page,,,2026-08-06T00:01:24.579806+00:00,ニュース（外国人・ビザ）,ニュース（外国人・ビザ）,4,在留資格,,2026-08-07T01:44:20.892580+00:00,"Source page: https://www.moj.go.jp/isa/ / 答 在留資格の変更の許可又は在留期間の更新の許可を受ける方であって、３月を超える在留期間が決定される方が減額の対象者である場合には、その方に実際に納付していただく在留許可手数料を１万円まで減額することができることとしています。 / 許可 許可期間 申請方法 改定後の手数料 在留資格の変更の許可 在留期間の更新の許可 ３月以下 窓口 １０,０００円 オンライン ３月超６月以下 窓口 １８,０００円 オンライン １５,０００円 ６月超１年未満 窓口 ２５,０００円 オンライン ２１,０００円 １年 窓口 ３３, / … / 金額: 上限1万円",,,
269,Cộng đồng người Việt dần ổn định sau động đất ở Nhật Bản,https://news.google.com/rss/articles/CBMinwFBVV95cUxQbk9FV2g0LWh5YmhtU2x1TDBaOXpBdTBZWnVEVmdLSnl3RnlVY1h6TGlyWjVaV0N4U2MzZDBCVjlaLUY1RnNHMVpSc0NjZGc3X0F1TkNTLVZ0ZFJydzRac1llWlNrbXhBVEZ2Uk5xdGRjTnRNbk0ycFNlZGl5Q3JrbGk5UDdjNHJYRGJpRDJQVWdDSFpUWDdxcmVVVEo1aWc?oc=5,Google News: Vietnam: Japan workers,google_news,ベトナム,2026-08-02T14:21:00+00:00,2026-08-06T00:01:24.579270+00:00,ニュース（外国人・ビザ）,ニュース（外国人・ビザ）;その他,4,外国人材;Nhật Bản,,,日本語概要: ベトナム発の日本就労・外国人材関連情報です。 / 原文抜粋: Cộng đồng người Việt dần ổn định sau động đất ở Nhật Bản Cộng đồng người Việt dần ổn định…,日本で起きた地震の後、在日ベトナム人コミュニティの生活が次第に落ち着きを取り戻しつつあることを伝えるベトナム発のニュース。在日ベトナム人や日本で働く外国人材が対象。,低,
247,自治体・企業 介護の外国人材育成支援 川崎市、インターン生紹介/埼玉の施設、補助金活用 永住も,https://news.google.com/rss/articles/CBMibEFVX3lxTE5SYktDT3ZTMG9GZzhpQkI3N0pUVFJKWko4OU43emNOMG02UGstcENjM0hqczdoREhramtkTUI5WFVhM1ZoZ1BsNnN3UFpTcFByNnpGN0trNnpjZi11R24tNERoRG51VDNzN1lSUw?oc=5,Google News: 外国人材 補助金 自治体,google_news,,2026-07-23T07:00:00+00:00,2026-08-06T00:01:24.579098+00:00,公募・補助金・プロポーザル,公募・補助金・プロポーザル;ニュース（外国人・ビザ）;その他,14,補助金;補助;外国人材;自治体,,,掲載元: 日本経済新聞,介護分野の外国人材育成に向けた自治体と企業の取り組みを紹介する日本経済新聞の記事で、川崎市によるインターン生の紹介や、埼玉県の施設が補助金を活用して外国人材を育成し、永住につなげた事例を取り上げている。,高,介護分野の外国人材を受け入れる自治体・施設に対し、補助金を活用した日本語学習支援としてNihongo Catch!の講習を提案できそう。
278,監理支援機関に外部監査人の設置が完全義務化【2027年4月育成就労制度】,https://news.google.com/rss/articles/CBMickFVX3lxTE5nbHFhSnFXVWNkOWR0Z1FOVmZwSTBoMVhkNVNYZC11MS04c2pkYzJjcGZjZkVIRTJKM3dyYWlJcTRuNWZ4dVhnMllxN0NEY0FhbTJCWE01OUZXczFjUGZTaVQzUXRXcktaNWx6Vi1kZGRaQQ?oc=5,Google News: 育成就労 日本語,google_news,,2026-08-05T09:40:00+00:00,2026-08-06T00:01:24.578912+00:00,ニュース（外国人・ビザ）,ニュース（外国人・ビザ）,4,育成就労,,,掲載元: Infoseek,2027年4月に始まる育成就労制度で、監理支援機関に外部監査人の設置が完全義務化される。育成就労外国人を受け入れる監理支援機関が対象。,高,
248,PENGUMUMAN HASIL MEDICAL CHECK UP 1 KANDIDAT NURSE (KANGOSHI) DAN CAREWORKER (KAIGOFUKUSHISHI) PROGRAM G TO G KE JEPANG BATCH XX PENEMPATAN TAHUN 2026,https://kp2mi.go.id/gtog-detail/jepang/pengumuman-hasil-medical-check-up-1-kandidat-nurse-kangoshi-dan-careworker-kaigofukushishi-program-g-to-g-ke-jepang-batch-xx-penempatan-tahun-20,インドネシア KP2MI/BP2MI G to G Japan,overseas_official,インドネシア,2026-07-23T00:00:00+00:00,2026-08-05T00:04:10.666295+00:00,ニュース（外国人・ビザ）,ニュース（外国人・ビザ）;その他,14,careworker;G to G;EPA;nurse;Jepang,,,日本語概要: 試験実施・参加手順に関する情報です。インドネシア政府の G to G 日本派遣プログラムに関する告知です。EPAの看護師・介護福祉士候補者に関係します。日本就労を目指すインドネシア人候補者向け情報です。 / 原文抜粋: PENGUMUMAN HASIL MEDICAL CHECK UP 1 KANDIDAT NURSE (KANGOSHI) DAN CAREWORKER (KAIGOFUKUSH… / Source page: https://kp2mi.go.id/gtog-data/jepang/Pengumuman?draw=1&start=0&length=20 / 一覧掲載日: 23 July 2026,インドネシア政府は、日本へのG to Gプログラム第20期（2027年派遣）の看護師・介護福祉士候補者について、1次健康診断の結果を2026年7月23日付で発表した。受診した455人のうち446人が就労可（FIT TO WORK）と判定され、結果の有効期間は3か月で、合格者は次の選考に進む。,中,
275,"Tanpa Modal Besar! Bongkar Biaya Resmi Kerja ke Jepang via Disnaker Bandung, Pelatihan Gratis Rp10 Juta - PRFM News - Halaman 2",https://news.google.com/rss/articles/CBMihgJBVV95cUxPY1NRNTdKM1FnTTZ5T2wzeVQ5ekxUbWViM3I3ZHJUaVgwVUhDbXJ2VEJWNnNqRTR1TkdZQlBfLWczUFMtRGZUWjM3dEM4Mm9ZWmRUeDliaUlyc1NLdUJSNWFxSmJFelR1UEx0ckZOUGVVb01US2d1RElXRUx2ckt1REVQRG1MSzg2MWhTVjEyZE5DcEtIaXUtVHhkcUt5VDZ1cTVhSVBIQmNOelRmTERpWEhGTWNZQjVmc3dvaXptUGIwQkJabWxmXzVSN2tiR0pxd0g2a2JqdmNMNGJhOWdsMGRUUTFKY01fU1VTM182T01qN25PVmNxSU5PeFpIbU9sb2lnRkNR0gGGAkFVX3lxTE9jU1E1N0ozUWdNNnlPbDN5VDl6TFRtZWIzcjdkclRpWDBVSENtcnZUQlY2c2pFNHVOR1lCUF8tZzNQUy1EZlRaMzd0Qzgyb1laZFR4OWJpSXJzU0t1QlI1YXFKYkV6VHVQTHRyRk5QZVVvTVRLZ3VESVdFTHZyS3VERVBEbUxLODYxaFNWMTJkTkNwS0hpdS1UeGRxS3lUNnVxNWFJUEhCY056VGZMRGlYSEZNY1lCNWZzd29pem1QYjBCQlptbGZfNVI3a2JHSnF3SDZrYmp2Y0w0YmE5Z2wwZFRRMUpjTV9TVVMzXzZPTWo3bk9WY3FJTk94WkhtT2xvaWdGQ1E?oc=5,Google News: Indonesia: Japanese language,google_news,インドネシア,2026-08-02T01:00:00+00:00,2026-08-05T00:04:10.666112+00:00,ニュース（外国人・ビザ）,ニュース（外国人・ビザ）;その他,7,外国人材;EPA;Jepang,,,"日本語概要: インドネシア発の日本就労・外国人材関連情報です。 / 原文抜粋: Tanpa Modal Besar! Bongkar Biaya Resmi Kerja ke Jepang via Disnaker Bandung, Pelatihan Gr…","インドネシア・バンドン市の労働局（Disnaker）を通じて日本で働く際の公式費用を解説し、約1,000万ルピア相当の無料研修が受けられると紹介する内容。日本就労を目指すインドネシア人が対象。",中,
274,Sebanyak 46 calon PMI NTB ikuti pelatihan magang ke Jepang,https://news.google.com/rss/articles/CBMipgFBVV95cUxNc0JHNV92eHdwcjBicHlGcjVBLUdjZEdQRi1na0pRdEFVVzBkSlNRMjdTcEVXSGU0OEZ0dE96Ty1XZDNVdU50dHFZdUJKWG1GSnpDT0hTWUpwc2FyQWRxMzFoNG9JWE91b3B1NGtheG14dUxndjl6Vkg1RG9LWl8zdDc4aWF4aldKRC1nS2VsLTY2LVBuelhoZG9jdmxBX3RjN1pkWHRB?oc=5,Google News: Indonesia: Japan workers,google_news,インドネシア,2026-08-03T14:33:30+00:00,2026-08-05T00:04:10.665976+00:00,ニュース（外国人・ビザ）,ニュース（外国人・ビザ）,7,EPA;Jepang;calon PMI,,,日本語概要: 日本就労を目指すインドネシア人候補者向け情報です。 / 原文抜粋: Sebanyak 46 calon PMI NTB ikuti pelatihan magang ke Jepang Sebanyak 46 calon PMI NTB ikut…,インドネシア・西ヌサトゥンガラ（NTB）州の移住労働者候補46人が、日本での技能実習（マグアン）に向けた研修に参加している。,中,
244,介護の外国人材定着へ、川崎市はインターン生紹介 永住視野の育成も,https://news.google.com/rss/articles/CBMibEFVX3lxTE5fdThQVG1zNlE5MGg2OG8tVkY5QnZLVlpORllMRUlHMVozdUxBWWx0UGxkanVKYzYybE1pMjhGTnIwS3dHNU55SlZmQkNuancwYm1GVUk1SDVCZWpOc0RrenhxVXZMNDBWX2E2Mg?oc=5,Google News: 福岡県 外国人介護人材 補助金,google_news,,2026-07-22T07:00:00+00:00,2026-08-05T00:04:10.665812+00:00,ニュース（外国人・ビザ）,ニュース（外国人・ビザ）;その他,3,外国人材,,,掲載元: 日本経済新聞,川崎市が、介護分野で働く外国人材の定着に向けて、インターン生を介護事業者に紹介する取り組みを進める。永住も視野に入れた人材育成を目指す内容である。,中,
251,明光ネットワークジャパンの子会社、明光キャリアパートナーズ 「令和8年度 沖縄県外国人材受入企業日本語学習支援事業」を受託,https://news.google.com/rss/articles/CBMiakFVX3lxTE52ZGFLajZHend0SGl5NEhGbzBQRENDVGphOXJ1bmJCSVhVZ3gzWUYxZVE4eU5IVmxhOTZwV2M3aFJNSFZYcEZSUnktb19wUjJacF93dzdLeWVjT1Q3S2NFS1ZHQS1ISHNkZ3c?oc=5,Google News: 外国人材 日本語教育 委託,google_news,,2026-07-22T07:00:00+00:00,2026-08-05T00:04:10.665527+00:00,ニュース（外国人・ビザ）,ニュース（外国人・ビザ）;その他,3,外国人材,,,掲載元: PR TIMES,明光ネットワークジャパンの子会社である明光キャリアパートナーズが、「令和8年度 沖縄県外国人材受入企業日本語学習支援事業」を受託した。沖縄県内で外国人材を受け入れる企業向けの日本語学習支援事業で、PR TIMESが伝えている。,高,
246,株式会社明光キャリアパートナーズ 「令和8年度 沖縄県外国人材受入企業日本語学習支援事業」を受託,https://news.google.com/rss/articles/CBMiXkFVX3lxTFBvYU94TnQxd0REOGtycDhiTGZiVFNHT3JSVFRRejJJNHlKeFN5MU5qSzB1ejBicWdVb0FIcGNGX09GSGF0SjNfMFBRRUJicGg3Q1h2SW1CRFlSWVhJYkE?oc=5,Google News: 日本語教育 補助金,google_news,,2026-07-22T07:00:00+00:00,2026-08-05T00:04:10.665434+00:00,ニュース（外国人・ビザ）,ニュース（外国人・ビザ）;その他,3,外国人材,,,掲載元: PR TIMES,株式会社明光キャリアパートナーズが、令和8年度の沖縄県「外国人材受入企業日本語学習支援事業」を受託した。沖縄県内で外国人材を受け入れる企業の日本語学習を支援する事業で、掲載元はPR TIMS。,高,
257,日本語教育支援を強化 国際交流基金、バリとマカッサルで学校向け説明会,https://news.google.com/rss/articles/CBMiY0FVX3lxTE5FbTB2cTRHT1hMQUREaFR3YjNGVC1OcHg2NVJvRTd0S0txZGVpWkNqbUtBWXh4Y09ONTBBRjZXMGV5eXYybVdMV3NnYzBwXzRtMERxUEphWUt5Z3JoNWdGN2JYOA?oc=5,Google News: 日本語教育 補助金,google_news,,2026-07-30T15:38:34+00:00,2026-08-05T00:04:10.665302+00:00,ニュース（日本語教育）,ニュース（日本語教育）,4,日本語教育,,,掲載元: じゃかるた新聞,国際交流基金が、インドネシアのバリとマカッサルで現地の学校関係者向けに日本語教育の説明会を開き、日本語教育への支援を強化する。,中,
270,Cộng đồng người Việt dần ổn định sau động đất tại Nhật Bản,https://news.google.com/rss/articles/CBMimAFBVV95cUxOVklJd3AwdzlKQXJfUnppSzk3b3JxX0dnR0p5Y1Y5T3pWMm8wSDBmOTVzMmFwWHNET0ZwV3pSeUxsVDM5MFhvSWlTUHZwSTgzTFJaX0d4QjE4bVkzalJQNlJfQ09FWWhCQms2YzJnN2xNX2Q4UFRQTmpwM0pXYnd0Q0tDUUlUWXJjZ3hzSHVBSTZMVXNRdEdycQ?oc=5,Google News: Vietnam: Japan workers,google_news,ベトナム,2026-08-02T15:19:01+00:00,2026-08-04T00:10:28.749836+00:00,ニュース（外国人・ビザ）,ニュース（外国人・ビザ）;その他,4,外国人材;Nhật Bản,,,日本語概要: ベトナム発の日本就労・外国人材関連情報です。 / 原文抜粋: Cộng đồng người Việt dần ổn định sau động đất tại Nhật Bản Cộng đồng người Việt dần ổn đị…,日本で発生した地震を受け、在日ベトナム人コミュニティの生活が徐々に落ち着きを取り戻しつつあることを伝えるベトナム語のニュース。,低,
238,ADVISORY NO. 44 Series of 2026,https://mwo-osaka.dmw.gov.ph/2026/07/18/advisory-no-44-series-of-2026/,フィリピン DMW/MWO Osaka DMW Issuances,overseas_official,フィリピン,2026-07-18T04:19:44+00:00,2026-08-01T00:03:22.223950+00:00,ニュース（外国人・ビザ）,ニュース（外国人・ビザ）,3,OFW,,,日本語概要: 在日フィリピン人労働者向けの手続き・支援情報です。労働・雇用関連の告知として確認対象です。 / 原文抜粋: ADVISORY NO. 44 Series of 2026 OWWA E-CARD AS AN OFW’S PRIMARY IDENTIFICATION CARD AND VA…,フィリピン移住労働者省（DMW）の大阪駐在事務所（MWO-Osaka）が2026年7月18日付で出した通達（Advisory No. 44）で、OWWA E-Cardを海外フィリピン人労働者（OFW）の主要な身分証として扱う内容。在日フィリピン人労働者が対象。,低,
264,Truyền thông Nhật Bản ca ngợi nhóm lao động Việt Nam cứu người,https://news.google.com/rss/articles/CBMingFBVV95cUxQNGtxTHZBOVNaOVB4Z0ZRNkt5ZjZJejMtU0RHVEdtZDdFMkJNUldBaHRGRHB0QWRyOWVUTjc0TkZlVW56RHhnS2Y0R1lxVXhyeWxBdFVpcjB0UzRCcklwUHVBMmZqQTBucmJZVFNlbjNGdDBOSWU2LThXQXJ6OUVYaURUd09rWnRZRHhuLWhsN29IRm1jeHoyYk5BZXg1Zw?oc=5,Google News: Vietnam: Japan workers,google_news,ベトナム,2026-07-31T23:00:00+00:00,2026-08-01T00:03:22.223747+00:00,ニュース（外国人・ビザ）,ニュース（外国人・ビザ）;その他,7,外国人材;Nhật Bản;lao động,,,日本語概要: ベトナム発の日本就労・外国人材関連情報です。 / 原文抜粋: Truyền thông Nhật Bản ca ngợi nhóm lao động Việt Nam cứu người Truyền thông Nhật Bản ca n…,日本のメディアが、人命救助を行ったベトナム人労働者のグループを称賛したと伝えられている。日本で働くベトナム人労働者に関する話題である。,低,
172,「令和8年度外国人児童生徒日本語教育支援補助金について」,https://www.pref.aichi.jp/soshiki/tabunka/r8hozyo.html,愛知県 日本語教育補助金,page,,,2026-07-31T00:03:19.977995+00:00,公募・補助金・プロポーザル,公募・補助金・プロポーザル;ニュース（日本語教育）,12,補助金;補助;日本語教育,,2026-07-17T05:09:02.355953+00:00,Source page: https://www.pref.aichi.jp/soshiki/tabunka/nihongo-hojyo.html,,,
263,Một công dân Việt Nam thiệt mạng trong trận động đất tại Nhật Bản,https://news.google.com/rss/articles/CBMipAFBVV95cUxNcWdJOTQ3TEdXMHJBWU0tU01sUC1IZWZFdFNvOUxYYnZja3ZQb0d5OXlfZHVLUHVibnQ2ZGNlZGtibF9CZloxWFpMR21Mb052SF9LcFhVMld2SzhmNUtzb3JkTHBWeTZfR01pR0hiZlp3VW1tcWlvMUhNdHhhTnJvbFdGM2hYZlIwMEUwZjJsX09xQkc0Yl9oYnBjcnpjRno1S0lhQw?oc=5,Google News: Vietnam: Japan workers,google_news,ベトナム,2026-07-29T03:33:15+00:00,2026-07-31T00:03:19.977468+00:00,ニュース（外国人・ビザ）,ニュース（外国人・ビザ）;その他,4,外国人材;Nhật Bản,,,日本語概要: ベトナム発の日本就労・外国人材関連情報です。 / 原文抜粋: Một công dân Việt Nam thiệt mạng trong trận động đất tại Nhật Bản Một công dân Việt Nam t…,日本で発生した地震により、ベトナム国籍の方1人が亡くなった。在日ベトナム人の被災に関する報道。,低,
232,災害時の外国人支援学ぶ 自治体職員 翻訳アプリでやり取り 和歌山 ／和歌山,https://news.google.com/rss/articles/CBMiaEFVX3lxTFBTVWdJV3lNb0p3akNkX2tHWnUzbVFfVmtXeWdmYmtWclZSbUpzdGU4bVg5WVF1VFlPTW5scjJyTjRueVVxTnd3aVBLcUVwaHViRk9fa0VBUkl5WFJrc0VXVkR4czFiZHIt?oc=5,Google News: 外国人材 補助金 自治体,google_news,,2026-07-15T07:00:00+00:00,2026-07-28T23:59:12.035635+00:00,その他,その他,3,自治体,,,掲載元: 毎日新聞,和歌山県内の自治体職員が、災害時に外国人住民を支援する方法を学ぶ研修で、翻訳アプリを使ったやり取りを体験した。,中,
235,育成就労協議会に加入義務 失踪対策、処遇改善に実効性,https://news.google.com/rss/articles/CBMigAFBVV95cUxPbGJ4aTNtS0dCY1lrOE1ENTFnWkM3aGp4U1ZNanY5aDRQWU9VWEh5WGFRRXZLMWlGdjlUYjRkeDBZdVNBT1ZGNG5pcjFnekl3RDNFeGgwUllUYkRxQllKSFdDQTh5WEEyQnJNVHFtcG1aZms0VjJ0bkVTanZJdElxMg?oc=5,Google News: 育成就労 日本語,google_news,,2026-07-16T04:13:19+00:00,2026-07-28T23:59:12.035375+00:00,ニュース（外国人・ビザ）,ニュース（外国人・ビザ）,4,育成就労,,,掲載元: 建通新聞,育成就労制度で、受入企業などに育成就労協議会への加入が義務づけられる見通しとなり、失踪の防止や処遇改善の実効性を高める狙いがある。建設分野を中心に、受入側の事業者が対象となる。,高,
229,明光ネットワークジャパンの子会社、明光キャリアパートナーズ 令和8年度広島県「外国人材日本語学習支援業務」を受託,https://news.google.com/rss/articles/CBMiakFVX3lxTE1ZS3VrN1ZBeXZtRktMbl9BOVFPYzZLNW96Si12VWhWN2JZV3BoNVVoSGtEZnFSZDdYM2t4NWQwTFRyN1g3a01HUFdrSjM1QjBFTUJxZUdnZFZtcmFMQ0hFcjJVVmZXWFBlZlE?oc=5,Google News: 外国人材 日本語教育 委託,google_news,,2026-07-15T07:00:00+00:00,2026-07-28T23:59:12.035285+00:00,ニュース（外国人・ビザ）,ニュース（外国人・ビザ）;その他,3,外国人材,,,掲載元: 朝日新聞,明光ネットワークジャパンの子会社である明光キャリアパートナーズが、令和8年度の広島県「外国人材日本語学習支援業務」を受託した。広島県で働く外国人材の日本語学習を支援する委託事業で、自治体の日本語教育を民間企業が担う動きの一例。,高,
234,日本語教育機関を対象とした大学・入試説明会を実施しました - teikyo-u.ac.jp,https://news.google.com/rss/articles/CBMiWEFVX3lxTE5sQ0szYlRtUklkR0dPMkdRVjJid21wUTBmVzJxTnJMNF95dDdhcmVQMWRUTVRFQjVnVUJHakM1dVV1NS1BMHNJNnVWQmVkcHFscDY4RmpIcjQ?oc=5,Google News: 認定日本語教育機関 補助金,google_news,,2026-07-16T00:42:31+00:00,2026-07-28T23:59:12.035239+00:00,ニュース（日本語教育）,ニュース（日本語教育）;その他,4,日本語教育,,,,帝京大学が日本語教育機関を対象に、大学・入試についての説明会を実施した。,低,
230,北区日本語教育コーディネーター事業者公募［神戸市北区］神戸市会議員 堂下豊史,https://news.google.com/rss/articles/CBMiX0FVX3lxTFBvQUR6Y2Y4RS1xQ2tna3NIdTN1WWdWN1lOTU9xNEJJbHZidVdHVDZJTy1ONWlFLVQ0VVFQcXREMTJfSmJDb29zbW1MVFVCRURFN28yQk1pU0VjN3NCTjBn?oc=5,Google News: 日本語教育 公募,google_news,,2026-07-15T12:27:58+00:00,2026-07-28T23:59:12.035177+00:00,公募・補助金・プロポーザル,公募・補助金・プロポーザル;ニュース（日本語教育）,8,公募;日本語教育,,,掲載元: 選挙ドットコム,神戸市北区が、日本語教育コーディネーター事業を担う事業者を公募する。,高,日本語教育コーディネーター業務の受託を狙い、Nihongo Catch! の学習支援と地域の外国人住民向け日本語教育の運営ノウハウを組み合わせて応募できる可能性がある。
240,「海外協力隊員」鹿児島市出身の３人が市長に抱負…タイで日本語教育支援「日本と鹿児島の文化を伝えたい」,https://news.google.com/rss/articles/CBMif0FVX3lxTE5wa2p3WlFsNW9UWnlNNVc2Tjh3c1kwSnZiUEtNUk5nZF80OHp1TmNFTkFYNWZURlA5UXJRdWdzanhqZUxQUzFJcmpqd3Z5RDNucHliMUQzTEM0U3RTbUNRTmZVejZ5MnFZbE9FOTBuMDRsSU92RElNOTBleFNSckU?oc=5,Google News: 日本語教育 補助金,google_news,,2026-07-20T04:35:06+00:00,2026-07-28T23:59:12.035074+00:00,ニュース（日本語教育）,ニュース（日本語教育）,4,日本語教育,,,掲載元: Yahoo!ニュース,鹿児島市出身の海外協力隊員3人が市長を訪ね、タイで日本語教育を支援する活動への抱負を語った。「日本と鹿児島の文化を伝えたい」と意気込みを述べている。,低,
231,株式会社明光キャリアパートナーズ 令和8年度広島県「外国人材日本語学習支援業務」を受託,https://news.google.com/rss/articles/CBMiakFVX3lxTE93QnhKVFV6ZGJKSm01alh4M24wVDkyZ1dPSkJ6amZ6YUJJVkJpSndDM2s5T1JSTnQ1Z1BlZkZDcWRKSXRuVmZZR1doVUVFc1VoMW1ZS1B6SUhUM3RjS3g4ZF9NaXZ2TXlfZHc?oc=5,Google News: 日本語教育 補助金,google_news,,2026-07-15T07:00:00+00:00,2026-07-28T23:59:12.035010+00:00,ニュース（外国人・ビザ）,ニュース（外国人・ビザ）;その他,3,外国人材,,,掲載元: PR TIMES,株式会社明光キャリアパートナーズが、令和8年度広島県の「外国人材日本語学習支援業務」を受託した。外国人材の日本語学習を支援する自治体事業で、PR TIMESで発表された。,高,
228,日本語教育でバリ島孤児院の子どもたちの未来を拓きたい！！ - クラウドファンディング,https://news.google.com/rss/articles/CBMiS0FVX3lxTE9Ca2swcTlDVm9zaVpIeUNIV2VxWm1RN1RNN29ETndrT0poQ2V2MEE2N2hlU29vQTBOeVYtczNhU25TTjY0VnI0YVdRWQ?oc=5,Google News: 日本語教育 補助金,google_news,,2026-07-15T16:02:23+00:00,2026-07-28T23:59:12.034928+00:00,ニュース（日本語教育）,ニュース（日本語教育）,4,日本語教育,,,掲載元: READYFOR,バリ島の孤児院の子どもたちに日本語教育を届け、将来の進路を広げることを目指すクラウドファンディングがREADYFORで実施されている。,低,
225,Vì sao Nhật Bản không còn hấp dẫn với nhiều lao động Việt?,https://news.google.com/rss/articles/CBMilwFBVV95cUxOcXpUd0RmaVRJcHNDMFphRkdVbGg0a1JFblJTRXh2aUgtNE9za2tHZWRGcV9IQ0FJOEFZMTBpd1VIQjYwNS0tTHdPWS1RVVp5YkFWYUdBbUhoWTJqWU1RYzljZXNULTI1V2JZMFg5Mk5aNmtKS1MwU1NLc3BpUklrU0ZxM0xpZUJTekZDX3pVZEhnNXVvdE9z?oc=5,Google News: Vietnam: Japan workers,google_news,ベトナム,2026-07-14T07:00:00+00:00,2026-07-28T00:04:06.758198+00:00,ニュース（外国人・ビザ）,ニュース（外国人・ビザ）;その他,7,外国人材;Nhật Bản;lao động,,,日本語概要: ベトナム発の日本就労・外国人材関連情報です。 / 原文抜粋: Vì sao Nhật Bản không còn hấp dẫn với nhiều lao động Việt? Vì sao Nhật Bản không còn hấp …,日本がベトナム人労働者にとって以前ほど魅力的な就労先ではなくなっている理由を取り上げた、ベトナム発の報道。,中,
224,ベトナム人に生活講座　横浜市国際交流協会が伊勢佐木町のレストランで〈横浜市中区・横浜市西区・横浜市南区〉,https://news.google.com/rss/articles/CBMie0FVX3lxTE9fd1N0MzRhZlhEeTgyZ3JYZ2pSMmZpRFNvbkZCOXNnTnBzRG5TdUJkQTVNSnhWSkpBdlZqUU5hU1VqVVJJY090clFWUkR2RlR0aTE3RXRXcDljUzV1OEV1aHhmME9lcjNfTllta3g0blcyRUlEcGJUZlBpONIBgAFBVV95cUxNdWVoRm5KOXBZZFI0VjlzZDhoMWk0Z2I3QUx1ZncyTXZjTXNUVW83ZUYyQ05nRGh4WW1MTGdlejlPcE9PQUFwY0xhdXloTkFrbnN1S0hfY19pbEEwVGdCYXRfWmV1SGY3SGtKc09OZ2NMM0RxNEtYWjdNcGdPcEFEZw?oc=5,Google News: 国際交流協会 日本語教室 委託,google_news,,2026-07-13T02:04:23+00:00,2026-07-27T00:00:39.755386+00:00,その他,その他,4,国際交流協会,,,掲載元: ｄメニューニュース,横浜市国際交流協会が、横浜市中区の伊勢佐木町にあるレストランでベトナム人向けの生活講座を開く。対象は横浜市内（中区・西区・南区）に暮らすベトナム人。,中,
239,国交省ら／育成就労適正運用へ協議会発足／ 受け入れ企業は加入義務,https://news.google.com/rss/articles/CBMiwANBVV95cUxNY00xOWxaNFlvVG9LTlNWdHJTbDkzcEVOSEFjZUo2NS1jY0dRUTNqOHk0MUN5VE0yd1VVRGR4OEcyQkR6dkhUd2NJREw1S2s3N1FTRUxKR1JaQVNZRWd2RDZGM2lxN29WMmZkY3BGZGdYYWlKcDc2ZzVDaVlOcTZJcmN3aVFUVm9qLTFTQ183V1BHQWVKZEsxeXFjRnVwME5JcEc2WjdSOVpEX3l1dWpyNTROTS1Jcm1YZ2dNYkFvZGNoTnV4N01yWEhKczZNYlY4ZW4yTm5FZFByZDhpeFB3OWJUdDRVbmpKMlBva2J0VllpZXFNRkphWjZnbFRGendoZTNXTWNtWVl0ektBZHYyQjhNVERUMXZ5bVBZbnZvTGJvNTMxaUxETndKT25ZQlZWcUVLOGZjM2dOZWRtRTlCWlQyU3psX3F3a3MzODJCZDZ6a0JWUEY5OVF1cUxwaHp5ZzgwZlloeHBkNTUxMWNaMHFWSFkxcHEyRVRSYVJJYWFUeXVmUWRzekh1Z0piQTRFLURXNHZrSXYxZVc0Y2ZJRUNyQkl0aGIwTDJscC14ajVwaXo3Yl82bkhYSmJONnV2?oc=5,Google News: 育成就労 日本語,google_news,,2026-07-17T18:37:08+00:00,2026-07-27T00:00:39.755000+00:00,ニュース（外国人・ビザ）,ニュース（外国人・ビザ）,4,育成就労,,,掲載元: MSN,国土交通省などが、育成就労制度の適正な運用に向けた協議会を発足させた。育成就労の受け入れ企業は協議会への加入が義務となる。,高,
252,育成就労制度と特定技能制度…円安の傾向が長引くと｜大泉稔 - mbp-japan.com,https://news.google.com/rss/articles/CBMiY0FVX3lxTE5aS2N5TFVES2RyRHFKM3dhYk5wTnk4WkRiNVFablZlYV9JOHhQeUJ1dlRHVE92QUJuWXU5QXROeml5WDRLZlg3TUpsWnRoc2pHTmpmczludmFEaTRfLUoyRVRxcw?oc=5,Google News: 育成就労 日本語,google_news,,2026-07-20T22:22:39+00:00,2026-07-27T00:00:39.754782+00:00,ニュース（外国人・ビザ）,ニュース（外国人・ビザ）,8,特定技能;育成就労,,,,育成就労制度と特定技能制度について、円安傾向が長引いた場合の影響を論じるコラム。外国人材の受け入れを考える企業や関係者が対象。,中,
219,【川崎区役所主催】就労分野の認定日本語教育機関による実証事業「就労者のための日本語講座」を実施します,https://news.google.com/rss/articles/CBMiakFVX3lxTFBTV2Rwc242YWxTS1NUYVQtdC1vcV9UQTlyM1I3ck0xN1N2WXFCS0ZPTTViNjlnek45QlpiY3BuT19SX04yRWN2S1RyNlNCbVBlX1hvUFdCRFAwbDl5LWhBT1FBcWtBTVZQeUE?oc=5,Google News: 日本語教育 委託 自治体,google_news,,2026-07-13T07:00:00+00:00,2026-07-27T00:00:39.754571+00:00,ニュース（日本語教育）,公募・補助金・プロポーザル;ニュース（日本語教育）,10,日本語教育;認定日本語教育機関,,,掲載元: PR TIMES,川崎区役所が主催し、就労分野の認定日本語教育機関による実証事業として「就労者のための日本語講座」を実施する。働く外国人を対象とした日本語講座の取り組み。,高,
217,2027年4月「育成就労制度」スタートに伴う日本語教育の義務化へ対応、AIを活用した指導マニュアルで「低コスト×高品質」を実現,https://news.google.com/rss/articles/CBMiakFVX3lxTE9YQXNqdzBqNU9DRVdjZXBOUGtrNEpNZkZZSWFKWDh6YUduUjR6cVFRRjVuUlp0aWpSZFY4Yy1NdEw2TWpGNzBxV0VYQkViNlNWWGRqVUgtbjItcTNqdWJVY1V1RUlUMnNFWHc?oc=5,Google News: 育成就労 日本語,google_news,,2026-07-12T07:00:00+00:00,2026-07-26T00:02:26.052687+00:00,ニュース（外国人・ビザ）,ニュース（日本語教育）;ニュース（外国人・ビザ）,8,日本語教育;育成就労,,,掲載元: PR TIMES,2027年4月に始まる育成就労制度で日本語教育が義務化されることを受け、AIを活用した指導マニュアルで低コストかつ高品質な日本語指導を実現するという取り組みがPR TIMESで発表された。育成就労の受入企業や支援機関が主な対象。,高,
249,Overseas remittances from Japan top ¥1 trillion for the first time,https://news.google.com/rss/articles/CBMijAFBVV95cUxONmpUS3pKbVN1ekdxWFNpVzF0QVdXYkRCWFRXMUdtM1FsSVhpOEljTHpueWR3VXNxYTA4SVNMRGI3LW5qakhyUktPYmlwYTJsMUM1Qzh1N0ExRmJpSkcwU3RNa0h5UUp0WW1wckNtVWE4NkhoT3NKd0JOUmJDeGJlQTU0THJtbURCbDVabw?oc=5,Google News: Philippines: Japan work,google_news,フィリピン,2026-07-14T07:00:00+00:00,2026-07-25T00:04:18.407810+00:00,ニュース（外国人・ビザ）,ニュース（外国人・ビザ）;その他,3,外国人材,,,日本語概要: フィリピン発の日本就労・外国人材関連情報です。 / 原文抜粋: Overseas remittances from Japan top ¥1 trillion for the first time Overseas remittances f…,日本から海外への送金額が初めて1兆円を突破した。日本で働く外国人材の増加が背景にあるとみられ、フィリピンなど出身国への送金動向を伝えている。,中,
216,言葉が命を守る。外国人介護士のためのAI日本語教育 - クラウドファンディング,https://news.google.com/rss/articles/CBMiS0FVX3lxTE12QkpvRW9nVmliQWtWZFdiNDVfSS1sbkZ4cjQxTExFY1I5cDhnQUs1MHpkYmlGbmRNbm9EeFQ5REcwSHdKczFLWUE0dw?oc=5,Google News: 日本語教育 補助金,google_news,,2026-07-11T07:00:00+00:00,2026-07-25T00:04:18.407017+00:00,ニュース（日本語教育）,ニュース（日本語教育）;その他,4,日本語教育,,,掲載元: READYFOR,外国人介護士向けにAIを活用した日本語教育を提供するためのクラウドファンディングが、READYFORで実施されている。,高,
245,Điểm mới Thông tư 09/2026/TT-BNV: Doanh nghiệp cần biết gì?,https://news.google.com/rss/articles/CBMilwFBVV95cUxPOTQ4UTRNVG9oN3RUUFFvWGRjaGdfamQzU3gtQXZabmVqUVhmZ1JrbW9HYmt1ZFRvV095VFRXMzNBVERoXy1BZUFILTlNQmJEVGFvcTM5VlJiTTFKNFhaVkQ5VHNYaUhpbzI4M2FfWXVYTzdXeDh3QTJZMGpvOE1EVkxwUlI3bjZuMHNxYTFnTXpScVlENDNR?oc=5,Google News: Vietnam: Japan workers,google_news,ベトナム,2026-07-21T13:35:35+00:00,2026-07-24T00:01:00.329084+00:00,ニュース（外国人・ビザ）,ニュース（外国人・ビザ）;その他,3,外国人材,,,日本語概要: ベトナム発の日本就労・外国人材関連情報です。 / 原文抜粋: Điểm mới Thông tư 09/2026/TT-BNV: Doanh nghiệp cần biết gì? Điểm mới Thông tư 09/2026/TT-…,ベトナム内務省(BNV)の通達「Thông tư 09/2026/TT-BNV」の新たな変更点を、企業が押さえるべき点として取り上げた記事。ベトナムの外国人材・日本就労に関わる制度の動向を扱う。,低,
207,【追加開催】前回満席につき第2回開催決定 育成就労制度で大きく変わる「日本語教育」無料説明会,https://news.google.com/rss/articles/CBMiakFVX3lxTE9aNTI4X1d2NTVUcTBUa1otVzgtQllEZU1rVW5ESERnZ1BJVl9OeUtiT0dxMmV1cWs2MmZDYmJIdzY0ZFB0Y3M1QmlJcmhJMmZNb3lxX2N1VGd0WThBUG1uYnRPWm9scXNyNFE?oc=5,Google News: 育成就労 日本語,google_news,,2026-07-09T02:15:27+00:00,2026-07-23T00:02:33.119963+00:00,ニュース（外国人・ビザ）,ニュース（日本語教育）;ニュース（外国人・ビザ）,8,日本語教育;育成就労,,,掲載元: ニコニコニュース,育成就労制度の開始で大きく変わる日本語教育をテーマにした無料説明会が、前回満席となったため第2回として追加開催される。,高,
211,育成就労外国人の受入れにはJAIM入会が必須に｜工業製品製造業分野の対応ポイント,https://news.google.com/rss/articles/CBMiVEFVX3lxTE5VX0RidlVHRm5PRm0xXzlVX2ZfanZCZHpXWGhPN05PcVpoN1RsRmtIWm1Ld2FDTlJlaXJac3RjXzU0a0N2bHpzdDdaTTNTVkNPVkYwSw?oc=5,Google News: 育成就労 日本語,google_news,,2026-07-09T05:18:10+00:00,2026-07-23T00:02:33.119915+00:00,ニュース（外国人・ビザ）,ニュース（外国人・ビザ）;その他,4,育成就労,,,掲載元: エヌ・ビー・シー協同組合,育成就労制度で外国人を受け入れる工業製品製造業分野の企業は、JAIM（製造業の外国人材受入れ関連団体）への入会が必須になるとして、対応ポイントを解説している。掲載元はエヌ・ビー・シー協同組合。,高,
243,日本語学校で教える日本語で、仕事や生活が・・・？｜大泉稔 - mbp-japan.com,https://news.google.com/rss/articles/CBMiY0FVX3lxTFB0bDRTdElIeUxBRGxSbE14V1FYRkJ6a1phdF9zSHRtdGgweENDVGpEVlBtRWhTRm0zSHZ3ZndtYTNUN0FQWXJlZDhaNnlwY1QtcXZmbkFKT3l3eXhnX0FCTTJqdw?oc=5,Google News: 育成就労 日本語,google_news,,2026-07-18T01:05:58+00:00,2026-07-23T00:02:33.119844+00:00,ニュース（日本語教育）,ニュース（日本語教育）,4,日本語学校,,,,日本語学校で教える日本語が、外国人の仕事や生活の場面でどこまで役立つのかを問い直す大泉稔氏のコラム。育成就労など外国人材の日本語学習に関わる話題として配信された。,中,
242,2027年4月「育成就労制度」スタートに伴う日本語教育の義務化へ対応、AIを活用した指導マニュアルで「低コスト×高品質,https://news.google.com/rss/articles/CBMie0FVX3lxTFBLRVhncERreDVaNm4tRjNCa2d2clZUeWQ2d1A1M3BxbGN5RHBaelBLbTJIQlZDcm93VkZsNWs1Z0xOTXJJRUZPTkhtdDM2bGNZSm4tc2VaMmt5QkZqZERuRUZfaEZHREZiVFVSeWdBY3lNNmFJUWVIcFVXTQ?oc=5,Google News: 育成就労 日本語,google_news,,2026-07-12T01:45:41+00:00,2026-07-23T00:02:33.119811+00:00,ニュース（外国人・ビザ）,ニュース（日本語教育）;ニュース（外国人・ビザ）,8,日本語教育;育成就労,,,掲載元: ニコニコニュース,2027年4月に始まる育成就労制度で日本語教育への対応が求められることを受け、AIを活用した指導マニュアルを使って低コストかつ高品質に日本語教育を行う取り組みが紹介されている。育成就労外国人を受け入れる企業などが対象となる。,高,
241,育成就労の受入れ職種が大幅拡大！監理団体が徹底解説,https://news.google.com/rss/articles/CBMiU0FVX3lxTFBvb0hVdXJha2tURnJoWEhFQ0pHSGkyRmkyMWplRTl6REwxdnNFNkc4X3MzTG0xLS1lNGlOWi10cFBZQWs4Mm1Gd2U0NDZPbkZOM1dV?oc=5,Google News: 育成就労 日本語,google_news,,2026-07-09T07:00:00+00:00,2026-07-23T00:02:33.119683+00:00,ニュース（外国人・ビザ）,ニュース（外国人・ビザ）,4,育成就労,,,掲載元: エヌ・ビー・シー協同組合,育成就労制度で受入れ可能な職種が大幅に拡大することを、監理団体のエヌ・ビー・シー協同組合が解説している。育成就労の受入れを検討する企業や関係者が対象。,中,
213,専門学校で学ぶ留学生が初の10万人超え、キャリア支援まで見据えた受け入れが重要に,https://news.google.com/rss/articles/CBMicEFVX3lxTE9NZ0oyaGhmY1A3RjRSei0zRmVTOXI1cDBQOTl0ZTk5dDlCMHNXcThINldVb25wRVd2eUcyWUhQSW5adnJBZW1uMmhrLXFXUFlzVlc2ZFUtbUFoOGx6X2hmbEFiTGlWQnUtZWo2WVdwNnQ?oc=5,Google News: 認定日本語教育機関 留学生,google_news,,2026-07-09T00:36:55+00:00,2026-07-23T00:02:33.119624+00:00,ニュース（日本語教育）,ニュース（日本語教育）;その他,3,留学生,,,掲載元: Between情報サイト,専門学校で学ぶ留学生が初めて10万人を超えたことが報じられ、受け入れ側にはキャリア支援まで見据えた対応が重要になっていると伝えている。対象は専門学校や留学生の受け入れに関わる教育機関。,中,
208,外国人 100時間日本語講座 川崎市川崎区、来月から 育成就労施行見据え,https://news.google.com/rss/articles/CBMibEFVX3lxTE8waE1fY0lxQ2puSTRrN3FEaS1BWHVQRVBnVzhZd1NLWFZDNEZmak9Qb0h1bjdLR0xra2JmSlhvQ2dzWkQwSEs1TDN5YV9oTFNrWm5Hd1RPb2diVHBfZzdUTzZISjN3SjZFVDF5cw?oc=5,Google News: 育成就労 日本語,google_news,,2026-07-08T07:00:00+00:00,2026-07-21T23:57:57.268928+00:00,ニュース（外国人・ビザ）,ニュース（外国人・ビザ）,4,育成就労,,,掲載元: 日本経済新聞,川崎市川崎区で、外国人を対象にした100時間の日本語講座が来月から始まる。育成就労制度の施行を見据えた取り組みで、日本経済新聞が報じた。,高,
218,厚木商工会議所　外国人材雇用で連携へ　県の産業振興センターと協定〈厚木市・愛川町・清川村〉,https://news.google.com/rss/articles/CBMijgFBVV95cUxPTUxTUzBCRjR5a3ljTkxDM2hWMHVXb0N5QWR6ODBmS2FzZGdWc0JFOGI0NENNVW9zR0s1elBWYldDOXlLSG5KZkthc2ctYjdzV3lSd05xN2g2TUhEbEpKb0h3YkltZG1xb3pRNU9zaVRZT1VZSnZuclp2M0QzWnA0NE1uRHdGVXg5WFZCWDd30gGAAUFVX3lxTFA1ZVBhcjZwUk1EUGlTLVI0QUV2VEhjYkt0ZGgybGRYQkM2X1QzazlxSHZaUk9vY1ZrYmxSRlZIOWhBem9sOWh0Z0dHaE1pRVFnN2xDdFBYN0ZYMW1RakhMcktCampSa0o1OTM1MmRkZjNJX3ZXUEgyUXRBOTZlVjRf?oc=5,Google News: 神奈川県 外国人材 補助金 公募,google_news,,2026-07-11T10:30:48+00:00,2026-07-20T23:57:49.643550+00:00,ニュース（外国人・ビザ）,ニュース（外国人・ビザ）;その他,3,外国人材,,,掲載元: ｄメニューニュース,厚木商工会議所が、外国人材の雇用をめぐり神奈川県の産業振興センターと連携する協定を結んだ。対象は厚木市・愛川町・清川村の地域企業。,高,
223,育成就労制度導入で変わる日本語教育、AI活用による低コスト高品質の実現,https://news.google.com/rss/articles/CBMiRkFVX3lxTE83aVJrMHJLZXdmUmlsQ2szS3RRQ1JEeXQyMzMzOTRMaG96dWU5UHc5UHdQWWowRkxoSVRtWlJ4Y3ltZDJmVWc?oc=5,Google News: 育成就労 日本語,google_news,,2026-07-13T00:54:02+00:00,2026-07-20T23:57:49.643515+00:00,ニュース（外国人・ビザ）,ニュース（日本語教育）;ニュース（外国人・ビザ）,8,日本語教育;育成就労,,,掲載元: ニュースメディアVOIX,育成就労制度の導入に伴い変わる日本語教育について、AIを活用して低コストかつ高品質な学習を実現する取り組みを取り上げている。対象は育成就労で働く外国人材の日本語学習。,高,
209,高知県内初、育成就労外国人施設開業へ 旧夜須保育所を民間貸し出し ベトナムやインド出身者らを最大１００人受け入れ 香南市で２０２７年春,https://news.google.com/rss/articles/CBMiX0FVX3lxTE81NGcyREZVQ1oxeDVpVlJvX2hNeks2ODM1VUtIcDhEZ2V1MXhXcUIwTTRCcjgtY2JJbWJUdXdDXzFuRlU5OVJQOXdkNFdrZVJUeTVDVEpwTGVITzFqOWRF?oc=5,Google News: 育成就労 日本語,google_news,,2026-07-07T07:00:00+00:00,2026-07-20T23:57:49.643471+00:00,ニュース（外国人・ビザ）,ニュース（外国人・ビザ）,4,育成就労,,,掲載元: kochinews.co.jp,香南市の旧夜須保育所を民間事業者が借り受け、育成就労制度で来日する外国人を最大100人受け入れる施設を2027年春に開業する。ベトナムやインド出身者らが対象で、高知県内では初の施設となる。,高,
206,川崎市川崎区、外国人に100時間の日本語教育 育成就労の施行見据え,https://news.google.com/rss/articles/CBMibEFVX3lxTE15aGtGMVRpdmVfa25FVUlyVEtiVFNsNUlJOG4xU1UwTmFPOVlOQ0QwSEJlMlN1WFNyMTd4eWR5Y3JYOFNMbWd1MXptOHktdkhXZElNYjUySDZoRGwtRVhuZXllRGtOOEZQRVIxSA?oc=5,Google News: 育成就労 日本語,google_news,,2026-07-07T07:00:00+00:00,2026-07-20T23:57:49.643118+00:00,ニュース（外国人・ビザ）,ニュース（日本語教育）;ニュース（外国人・ビザ）,8,日本語教育;育成就労,,,掲載元: 日本経済新聞,川崎市川崎区が、育成就労制度の施行を見据え、外国人を対象に100時間の日本語教育を行う。,高,
236,高度外国人材採用・インターンシップ支援のご案内（神奈川県・ＫＩＰ）,https://news.google.com/rss/articles/CBMiWEFVX3lxTE41V3dPUHJIcU8wdl9NT3VGS2g5YklMb1hEUGRSejBpTnAtRjVSVVktQzVlRkM3V2F4Sjc1TFVXS0xfd3Jtb3FaVkVqWjRhVEdBUTUtQ2x1UVI?oc=5,Google News: 神奈川県 外国人材 補助金 公募,google_news,,2026-07-16T05:30:25+00:00,2026-07-19T23:58:25.234394+00:00,ニュース（外国人・ビザ）,ニュース（外国人・ビザ）;その他,3,外国人材,,,掲載元: 藤沢商工会議所,神奈川県とKIP（神奈川産業振興センター）による、高度外国人材の採用やインターンシップを支援する取り組みを藤沢商工会議所が案内している。県内企業が対象。,中,
220,特定技能ドライバー／日本語eラーニング「ジャパニー」で技能評価試験の対策が可能に,https://news.google.com/rss/articles/CBMiVEFVX3lxTFBqWmsyc1pZSzRFcWtfdmxTcHVGcG5ZMHZmUlRBRW1vRXhtZ2tkdWc2ZDM5OGczUWpVNzhXd2dJbEdSTjgza3N2cjFlbWRjdGRqdHBaZA?oc=5,Google News: 特定技能 日本語教育 支援,google_news,,2026-07-13T04:51:00+00:00,2026-07-18T23:55:19.900363+00:00,ニュース（外国人・ビザ）,ニュース（外国人・ビザ）,4,特定技能,,,掲載元: トラックニュース,日本語eラーニング「ジャパニー」で、特定技能「自動車運送業」のドライバー向け技能評価試験の対策ができるようになった。,高,
227,文部科学省委託「子どものための日本語教育研修」応募受付開始 ～外国人児童生徒..（認定NPO法人メタノイア プレスリリース）,https://news.google.com/rss/articles/CBMiVEFVX3lxTE5qMk5BTEYxdnhKa1loX3lXMjV5bE9VTXhKMTc4c1JGZkxHMXBzb040eDY4dU40MVYxOEhwTDM0LVpLMm1UUmE5ZENxbUQtUGsyNnUxcA?oc=5,Google News: 日本語教育 委託事業,google_news,,2026-07-13T20:02:24+00:00,2026-07-18T23:55:19.900156+00:00,ニュース（日本語教育）,公募・補助金・プロポーザル;ニュース（日本語教育）,8,委託;日本語教育,,,掲載元: 財経新聞,認定NPO法人メタノイアが、文部科学省委託の「子どものための日本語教育研修」の応募受付を開始した。外国人児童生徒への日本語教育に関わる人材を対象とした研修。,中,
233,"Kiều hối rời Nhật Bản lập kỷ lục, Việt Nam là điểm đến hàng đầu",https://news.google.com/rss/articles/CBMitAFBVV95cUxOY3RGRUpnZ2tqRDNMdmFFMF9GNzgySWZVN093MW5VcmwtTUNOY0xpUnVhX1NlRlZOVndzSGNNcUhqV25OS1dxSk5pYnpUa2lyNHhoaS1xZTFvUGxkLXdHdko5ZWdBNzl6VmRYS0FBSEkzbGZVdzBlZElvbmM3a2tnMG9rcDlZNGdkS1hydkp2NGFaOFgwVE93eHlsOXBGNTJ3VEtUMTlhSlhacU5qWVZwSDlSb3g?oc=5,Google News: Vietnam: Japan workers,google_news,ベトナム,2026-07-15T01:59:00+00:00,2026-07-17T23:54:04.492064+00:00,ニュース（外国人・ビザ）,ニュース（外国人・ビザ）;その他,4,外国人材;Nhật Bản,,,"日本語概要: ベトナム発の日本就労・外国人材関連情報です。 / 原文抜粋: Kiều hối rời Nhật Bản lập kỷ lục, Việt Nam là điểm đến hàng đầu Kiều hối rời Nhật Bản lập…",日本から海外へ送られる外国人労働者の送金額が過去最高を更新し、ベトナムが最大の送金先になったとベトナム語メディアが報じている。日本で働くベトナム人材の増加を示す動きである。,中,
157,監理措置制度,https://www.moj.go.jp/isa/08_00045.html,出入国在留管理庁,page,,,2026-07-17T00:00:44.471700+00:00,ニュース（外国人・ビザ）,ニュース（外国人・ビザ）,4,在留資格,,,Source page: https://www.moj.go.jp/isa/ / ※退去強制令書発付前の被監理者で、報酬を受ける活動の許可を受けないで報酬を受ける活動を行ったもの又は収入を伴う事業を運営する活動を行ったもの（在留資格をもって在留する者を除く。 / ）を行つたとき、又は収入を伴う事業を運営する活動を行ったとき。 / 被監理者が収入を伴う事業を運営する活動若しくは報酬を受ける活動を行い、又はこれらの活動を行うと疑うに足りる相当の理由があるとき。,出入国在留管理庁が、退去強制手続の対象となる外国人を収容せず、監理人の下で社会内での生活を認める「監理措置制度」の仕組みを解説している。退去強制令書の発付前後それぞれの要件、被監理者の届出義務や就労の制限、監理人の責務と届出事由などを整理している。,低,
156,留学生の就職,https://www.moj.go.jp/isa/applications/resources/10_00015.html,出入国在留管理庁,page,,,2026-07-17T00:00:44.471675+00:00,ニュース（外国人・ビザ）,ニュース（日本語教育）;ニュース（外国人・ビザ）,3,留学生,,,Source page: https://www.moj.go.jp/isa/ / 留学生の就職 | 出入国在留管理庁 このページではJavaScriptを使用しています。,出入国在留管理庁が、在留資格「留学」から就労資格へ変更する留学生向けに、2026年4月就労開始予定者への案内、手続フロー、特定活動（本邦大学等卒業者）のガイドライン、卒業後の起業活動に係る措置、専用の事前相談窓口などをまとめたページ。,中,
155,スタートアップ関連施策,https://www.moj.go.jp/isa/applications/resources/03_00070.html,出入国在留管理庁,page,,,2026-07-17T00:00:44.471637+00:00,ニュース（外国人・ビザ）,ニュース（日本語教育）;ニュース（外国人・ビザ）;その他,7,留学生;在留資格,,,Source page: https://www.moj.go.jp/isa/ / 未来創造人材制度（J-Find） 本邦の大学等を卒業した留学生の起業活動について 本邦の大学等を卒業して起業活動を行うことを希望する方 本邦において優秀な留学生の受入れに意欲的に取り組んでいる大学等を卒業して起業活動を行うことを希望する方 その他 地方公共団体が外国人に起業支援を / ​​地方公共団体の起業支援対象者に係る特例(PDF) ​​ 概要(PDF) ​ 参考様式「起業支援対象者の証明について」(Word) 参考様式（記載例）(PDF) 在留資格「経営・管理」について 外国人が本邦において事業を起こした場…,出入国在留管理庁が、外国人の起業を後押しする制度を紹介するページ。スタートアップビザ（外国人起業活動促進事業）と未来創造人材制度（J-Find）はいずれも最長2年間の起業準備活動が可能で、地方公共団体が起業支援を行う場合は在留資格「経営・管理」の事業規模要件に特例がある。,低,
169,KIP高度外国人材インターンシップ受入費用奨励金,https://www.kipc.or.jp/topics/information/r7internshipsubsidy/,神奈川 外国人材活用支援,page,,,2026-07-17T00:00:44.471453+00:00,ニュース（外国人・ビザ）,ニュース（外国人・ビザ）;その他,3,外国人材,,2026-07-17T05:09:08.834202+00:00,Source page: https://www.kipc.or.jp/business-support/productivity/foreign-talent/,,,
197,PENGUMUMAN HASIL PEMERIKSAAN PSIKOLOGI KANDIDAT WAITING LIST DAN DAFTAR KETERLAMBATAN HASIL PEMERIKSAAN PSIKOLOGI CALON KANDIDAT NURSE DAN CAREWORKER PEKERJA MIGRAN INDONESIA PROGRAM G TO G JEPANG BATCH XX TAHUN PENEMPATAN 2027,https://kp2mi.go.id/gtog-detail/jepang/pengumuman-hasil-pemeriksaan-psikologi-kandidat-waiting-list-dan-daftar-keterlambatan-hasil-pemeriksaan-psikologi-calon-kandidat-nurse-dan-careworker-pekerja-migran-indonesia-program-g-to-g-jepang-batch-xx-tahun-penempatan-2027,インドネシア KP2MI/BP2MI G to G Japan,overseas_official,インドネシア,2026-07-02T00:00:00+00:00,2026-07-15T23:59:43.988236+00:00,ニュース（外国人・ビザ）,ニュース（外国人・ビザ）;その他,20,careworker;G to G;EPA;nurse;Jepang;pekerja migran;pekerja,,,日本語概要: 試験実施・参加手順に関する情報です。インドネシア政府の G to G 日本派遣プログラムに関する告知です。EPAの看護師・介護福祉士候補者に関係します。日本就労を目指すインドネシア人候補者向け情報です。 / 原文抜粋: PENGUMUMAN HASIL PEMERIKSAAN PSIKOLOGI KANDIDAT WAITING LIST DAN DAFTAR KETERLAMBATAN HAS… / Source page: https://kp2mi.go.id/gtog-data/jepang/Pengumuman?draw=1&start=0&length=20 / 一覧掲載日: 2 July 2026,インドネシア政府（KP2MI/BP2MI）が、日本向けG to Gプログラム（EPA）2027年派遣のバッチXXについて、看護師・介護福祉士候補者の心理検査結果を2026年7月2日付で発表した。待機者の介護福祉士候補3名と、結果送付の遅れていた7名（看護師3名・介護福祉士4名）が合格し、いずれも第1回健康診断（MCU I）に進める。,中,
194,「安全を確保し、母国へ」 外国人観光客の広域避難や帰国支援 国と自治体が連携した研究会が発足、初会合,https://news.google.com/rss/articles/CBMi9gFBVV95cUxNMkxWOHVQZDVRVWRacjJCX0FCd1Y0NkFJSlZzOGJZQi0wV0dQc0NQYTZNTzhCTGIxV05Cd0FQeTc5d2Vob215akFENzVmSmtQQ2RGSFRQc2hSTkFzcHlHbGpFWG4wS2ZLZkZPRWZ1S2s2WUxIcUdHN3Yyem1ZTW9ZbW5sQVpVTXVUUEJ3b3JUNDFsZ0JzSGZfQjF2aS1na0M5dl9vSU93cVdmRG45VTlYY0xTclhXOWluV0gwMXF6UklkSXJucF90UnVUVDZ4SHBXNkU3UjR0b1JlcjE5YTJyaVFuMGRTZHR4cU1CYXdXZ3UwZW55UVE?oc=5,Google News: 外国人材 補助金 自治体,google_news,,2026-07-02T09:35:00+00:00,2026-07-15T23:59:43.988077+00:00,その他,その他,3,自治体,,,「安全を確保し、母国へ」 外国人観光客の広域避難や帰国支援 国と自治体が連携した研究会が発足、初会合 TBS NEWS DIG,外国人観光客の広域避難や帰国支援を検討するため、国と自治体が連携した研究会が発足し、初会合が開かれた。災害時に安全を確保したうえで母国へ帰国できるようにする体制づくりが議題となる。,低,
192,介護現場で日本語支援に力 愛知県東郷町の特養、技能実習生受け入れ,https://news.google.com/rss/articles/CBMiVEFVX3lxTE1WaXV0X1p6NVBuOFFLeVVVVE1vRmoxLWgzcGJTbzB1al8tb0w2Ui1vYkpBT1kzMmdoa2twN1d2Y19QaUhXbFFDdk42Rk83clhSci1tLQ?oc=5,Google News: 技能実習 日本語 試験,google_news,,2026-07-02T07:00:00+00:00,2026-07-15T23:59:43.987987+00:00,ニュース（外国人・ビザ）,ニュース（外国人・ビザ）;その他,3,技能実習,,,介護現場で日本語支援に力 愛知県東郷町の特養、技能実習生受け入れ 中日新聞Web,愛知県東郷町の特別養護老人ホームが、介護現場で働く技能実習生の受け入れにあたり、日本語支援に力を入れている。,高,
212,PMCの第2回『日本語教育』無料説明会開催決定！育成就労制度における重要なポイントを解説,https://news.google.com/rss/articles/CBMiRkFVX3lxTE9zWFI1eXFQd1NPN1gwczRZY05rcnh3VDd3b1V1b0ZWNThqLUxsX2hhdDBlUU4xdzl4eEJPcHQ4TmZsbGhQMXc?oc=5,Google News: 育成就労 日本語,google_news,,2026-07-09T00:54:03+00:00,2026-07-15T23:59:43.987949+00:00,ニュース（外国人・ビザ）,ニュース（日本語教育）;ニュース（外国人・ビザ）,8,日本語教育;育成就労,,,PMCの第2回『日本語教育』無料説明会開催決定！育成就労制度における重要なポイントを解説 ニュースメディアVOIX,PMCが、育成就労制度における日本語教育の重要なポイントを解説する第2回無料説明会の開催を決めた。,高,
186,日本語教員の国家試験、年1回→複数回へ 育成就労開始の27年度にも,https://news.google.com/rss/articles/CBMibEFVX3lxTE1wWXhVelhpUDdydEd1SUJvZkJ2MXJPaGx3dzlTc2pmdmw0NGdDRnE1bGRucTg3clI4eW9DaGJ3YzRGSnI5QUpxSm51b1YtUnZzQnZGakM3OUU3UlE2eml0Z2ZrNi1mZjZ5Y0lFQQ?oc=5,Google News: 育成就労 日本語,google_news,,2026-07-02T07:00:00+00:00,2026-07-15T23:59:43.987858+00:00,ニュース（外国人・ビザ）,ニュース（外国人・ビザ）,4,育成就労,,,日本語教員の国家試験、年1回→複数回へ 育成就労開始の27年度にも 日本経済新聞,日本語教員の国家試験について、現在の年1回から複数回に増やす方針が報じられた。育成就労制度が始まる2027年度にも実施される見通しで、日本語教員を目指す人や日本語教育機関が対象となる。,高,
221,【無料セミナー】「本人まかせにしない」特定技能試験の学習支援を解説,https://news.google.com/rss/articles/CBMie0FVX3lxTE5yalNEMVVLaENMeDA5QnhjMS12cUViRW91N2lLM2xIRDYwUWtWTHpYNnZRVXo5dEpCQTB3ZFpZaE1Vc3FIZWtxd19VOUdnQ0drR2hEa2ZLdXVIU1VCZ2dhcU1DcUpQb0xBTlpMUlNScWxYYzNPbmxMY2NZcw?oc=5,Google News: 特定技能 日本語教育 支援,google_news,,2026-07-13T09:00:21+00:00,2026-07-15T23:59:43.987532+00:00,ニュース（外国人・ビザ）,ニュース（外国人・ビザ）,4,特定技能,,,【無料セミナー】「本人まかせにしない」特定技能試験の学習支援を解説 ニコニコニュース,特定技能試験の合格に向け、本人任せにせず受入企業や支援機関が学習を支える方法を解説する無料セミナーの案内。,高,
190,文部科学省委託「子どものための日本語教育研修」応募受付開始 ～外国人児童生徒支援に携わる日本語教師を育成～,https://news.google.com/rss/articles/CBMia0FVX3lxTE4yUDV4WlpHWkdQNkZmS2tzYmhmRzBUSUxXR05JT3Ywa0d4WHV2OFZWNlR6aXJoMW51U0xSLWFHUVA4QVJoSUYtT293V2lyRmxzMlppWTNkNDJkVUZXUzZMV2FlRnk1WVZPazNJ?oc=5,Google News: 日本語教育 委託 自治体,google_news,,2026-07-02T07:00:00+00:00,2026-07-15T23:59:43.987270+00:00,ニュース（日本語教育）,公募・補助金・プロポーザル;ニュース（日本語教育）,8,委託;日本語教育,,,文部科学省委託「子どものための日本語教育研修」応募受付開始 ～外国人児童生徒支援に携わる日本語教師を育成～ 時事ドットコム,文部科学省が委託する「子どものための日本語教育研修」の応募受付が始まった。外国人児童生徒の支援に携わる日本語教師の育成が目的。,中,
226,「令和8年度えにわ多文化共生フェスタ開催業務委託」に係る公募型プロポーザルの審査結果について,https://news.google.com/rss/articles/CBMilwFBVV95cUxQcnVuMlhXNXZRSlFPdm0zV1g3MUpkSmNsdFFzMHpYWW5kVHBab0hmUUxnZ09vcURpYTE2RkRmZkNNZjBPSmZjSWxleEFmdm5HbktUTEdCWW5McGZZa2FvaTF4cl9EZUw0YmhEcW5pYU9SNUtzcW83LTlKdmJrMUhBSlB1R1Q3WGNwOWc1WHpMVkZJTHF5VEc0?oc=5,Google News: 日本語教育 プロポーザル,google_news,,2026-07-02T07:00:00+00:00,2026-07-15T23:59:43.987180+00:00,公募・補助金・プロポーザル,公募・補助金・プロポーザル,13,公募;プロポーザル;委託,,,「令和8年度えにわ多文化共生フェスタ開催業務委託」に係る公募型プロポーザルの審査結果について city.eniwa.hokkaido.jp,北海道恵庭市が「令和8年度えにわ多文化共生フェスタ開催業務委託」の公募型プロポーザルについて、審査結果を公表した。,中,今回は審査結果の公表で募集は終了しているため応募はできないが、自治体の多文化共生イベント業務の発注例として、次年度以降の公募を注視し、日本語学習体験ブースなどの企画提案につなげたい。
188,"PENGUMUMAN HASIL PEMERIKSAAN PSIKOLOGI, PEMANGGILAN KANDIDAT WAITING LIST, DAN PELAKSANAAN MEDICAL CHECK UP I CALON KANDIDAT NURSE DAN CAREWORKER PEKERJA MIGRAN INDONESIA PROGRAM G TO G JEPANG BATCH XX TAHUN PENEMPATAN 2027",https://kp2mi.go.id/gtog-detail/jepang/pengumuman-hasil-pemeriksaan-psikologi-pemanggilan-kandidat-waiting-list-dan-pelaksanaan-medical-check-up-i-calon-kandidat-nurse-dan-careworker-pekerja-migran-indonesia-program-g-to-g-jepang-batch-xx-tahun-penempatan-2027,インドネシア KP2MI/BP2MI G to G Japan,overseas_official,インドネシア,2026-07-01T00:00:00+00:00,2026-07-14T23:54:50.598892+00:00,ニュース（外国人・ビザ）,ニュース（外国人・ビザ）;その他,20,careworker;G to G;EPA;nurse;Jepang;pekerja migran;pekerja,,,"日本語概要: 試験実施・参加手順に関する情報です。インドネシア政府の G to G 日本派遣プログラムに関する告知です。EPAの看護師・介護福祉士候補者に関係します。日本就労を目指すインドネシア人候補者向け情報です。 / 原文抜粋: PENGUMUMAN HASIL PEMERIKSAAN PSIKOLOGI, PEMANGGILAN KANDIDAT WAITING LIST, DAN PELAKSANAA… / Source page: https://kp2mi.go.id/gtog-data/jepang/Pengumuman?draw=1&start=0&length=20 / 一覧掲載日: 1 July 2026",インドネシアKP2MIが、日本向けG to Gプログラム（2027年派遣・第XX期）の看護師・介護福祉士候補者について、心理検査の合格者（看護師39人・介護福祉士408人）を発表した。合格者は2026年7月6〜8日に第1次健康診断（MCU I）を受け、適合なら マッチング手続きに進める。,低,
187,外国人「育成就労」2年で最大42万人受け入れ タイと初の協力覚書、識者「トルコとも」 「移民」と日本人,https://news.google.com/rss/articles/CBMidkFVX3lxTE80cTFybHA0bWQ2ZlI3bHpiM29WaGhnTkowY0N0YkVKOHBBWmx5RmhwbUExOHMxLUE2NkxWSEphQjd2NlhXNUpFeFNsZVFJYmdFdTYxbzFBSktfbzBRT0tjV2xleUdCT0pxSjJrcHlQTkdRVG9yQVE?oc=5,Google News: 育成就労 日本語,google_news,,2026-07-01T07:00:00+00:00,2026-07-14T23:54:50.598484+00:00,ニュース（外国人・ビザ）,ニュース（外国人・ビザ）,4,育成就労,,,外国人「育成就労」2年で最大42万人受け入れ タイと初の協力覚書、識者「トルコとも」 「移民」と日本人 産経ニュース,育成就労制度で外国人を2年間で最大42万人受け入れる見通しで、日本がタイと初の協力覚書を結んだことを伝えるニュース。識者はトルコなど他国とも同様の協力が広がる可能性を指摘している。,高,
185,日米会話学院日本語研修所、文部科学省「認定日本語教育機関」に認定,https://news.google.com/rss/articles/CBMiakFVX3lxTFBBSTVCakFibkxISGxKRVRxUm4tNXd3Q0RfNEpnb25zQVZPRDJ0RzZfZ0ppaXFSQ04wUTEzTEdVdFE4NHZDNDhIaW9fY1EyRjQ4bjc5RTluYnFRTkJrSzBPeXZIUDAtRDVrVVE?oc=5,Google News: 認定日本語教育機関 補助金,google_news,,2026-06-30T07:00:00+00:00,2026-07-13T23:55:41.766542+00:00,ニュース（日本語教育）,ニュース（日本語教育）,10,日本語教育;認定日本語教育機関,,,日米会話学院日本語研修所、文部科学省「認定日本語教育機関」に認定 PR TIMES,日米会話学院日本語研修所が、文部科学省の「認定日本語教育機関」に認定された。,中,
4,【2026年（令和8年）】日本語教育能力検定試験とは？試験時間や日程、内容について解説！,https://news.google.com/rss/articles/CBMiWkFVX3lxTE9VcU5HSGdTbzdHLXZmYnYxN0dKZEhxU0lGblhCNklqWTl3MG5KQzdWQUNMcUhZZWwwWnZ4TTYzYnVMRl9MS0xVU3BNMUtqV011TjlOSUV3RmNtdw?oc=5,Google News: 日本語教育 補助金,google_news,,2026-06-30T07:00:00+00:00,2026-07-13T23:55:41.766212+00:00,ニュース（日本語教育）,ニュース（日本語教育）,4,日本語教育,,,【2026年（令和8年）】日本語教育能力検定試験とは？試験時間や日程、内容について解説！ アガルートアカデミー,2026年度（令和8年度）の日本語教育能力検定試験について、試験時間・日程・出題内容を受験者向けに解説する記事。日本語教師を目指す人が試験の全体像をつかむための情報。,低,
215,愛知県国際交流協会がとよはし中学校でオリエンテーション 緊急時対応や防災について日本の仕組みを生徒たちに伝授,https://news.google.com/rss/articles/CBMiXEFVX3lxTE9raWZoQnFjNXFCVnY3YnVLSnFOeGx2dFdRMjJkRUJoQ0I3b21vTHdHNTdLRS1xQ3I5MG5nQnNjbWZDam9qakdiY0RrWTktRy1NbDdydlg5QWhBUUdH?oc=5,Google News: 日本語学校 入学前教育,google_news,,2026-07-11T05:48:05+00:00,2026-07-12T23:55:20.555084+00:00,その他,その他,4,国際交流協会,,,愛知県国際交流協会がとよはし中学校でオリエンテーション 緊急時対応や防災について日本の仕組みを生徒たちに伝授 東愛知新聞,愛知県国際交流協会が、とよはし中学校で外国にルーツを持つ生徒向けのオリエンテーションを行い、緊急時の対応や防災について日本の仕組みを伝えた。,低,
214,山形 外国人介護人材が「定着」するには 初の意見交換会,https://news.google.com/rss/articles/CBMiWEFVX3lxTFBlUUxPMFo2YU1mQmxUWEhwc0tVVE0yUDlibTJTWWhXOTNZYUd2NnpWNnl5VXVrQ3hHNjhhUW80WnJQV0JwXzJlM1FEdHJVUzZ1NnFFWnRucWg?oc=5,Google News: 福岡県 外国人介護人材 補助金,google_news,,2026-07-02T08:18:00+00:00,2026-07-10T23:58:56.734700+00:00,ニュース（日本語教育）,ニュース（日本語教育）;その他,7,外国人介護人材;介護人材,,,山形 外国人介護人材が「定着」するには 初の意見交換会 NHKニュース,山形県で、外国人介護人材の定着をテーマにした初の意見交換会が開かれた。外国人の介護人材を受け入れる現場に関わる人たちが、定着に向けた課題を話し合った。,中,
204,【8/5神奈川・対面開催】県内中小企業向け「ゼロから始める外国人材受け入れ ～高度外国人材の可能性～」セミナーを開催！神奈川の技術を、外国人材とともに世界へ,https://news.google.com/rss/articles/CBMic0FVX3lxTE4xdkd3SEdKb0xqWm1jU1FxQjBLTDlVdFY4M0cxbC1ibmxzeENjbnVRUjhsclBNMW9vSmJ6VE1GVXFLZ3prbHc4YXM2WFlPUXNUbVdyNkRhRHBNb0JWT0lOTWRXVGxJdC1ydDhpUzdzdTQxa3c?oc=5,Google News: 神奈川県 外国人材 補助金 公募,google_news,,2026-07-06T16:40:00+00:00,2026-07-10T00:06:32.181722+00:00,ニュース（外国人・ビザ）,ニュース（外国人・ビザ）;その他,3,外国人材,,,【8/5神奈川・対面開催】県内中小企業向け「ゼロから始める外国人材受け入れ ～高度外国人材の可能性～」セミナーを開催！神奈川の技術を、外国人材とともに世界へ Excite エキサイト,神奈川県内の中小企業を対象に、高度外国人材の受け入れ方を基礎から学べるセミナー「ゼロから始める外国人材受け入れ ～高度外国人材の可能性～」が8月5日に対面で開催される。,中,
37,増える介護現場の外国人、県も日本語教育など支援に注力…１０年前比で人数は７倍に・技能実習生→「特定技能」に切り替え受け入れ進む,https://news.google.com/rss/articles/CBMickFVX3lxTE5UaEZtS2R5Y3JsaVdFZjkwbmxsdE1KNzB6VEhWcERzLVpfd1lxWUtzLUNTS0x4Q0lMT20wMkR4SlRCdFNqc1YxcTB2b2RxdDNMSHZpV2t2d2hCVUZMZlFMc01RdE5iNWtxU3lqUnFiQ3lDQQ?oc=5,Google News: 日本語教育 補助金,google_news,,2026-06-26T07:00:00+00:00,2026-07-10T00:06:32.180859+00:00,ニュース（外国人・ビザ）,ニュース（日本語教育）;ニュース（外国人・ビザ）;その他,11,日本語教育;特定技能;技能実習,,,増える介護現場の外国人、県も日本語教育など支援に注力…１０年前比で人数は７倍に・技能実習生→「特定技能」に切り替え受け入れ進む 読売新聞,介護現場で働く外国人が10年前の約7倍に増え、技能実習生から「特定技能」への切り替えによる受け入れが進んでいる。県は日本語教育などの支援に力を入れている。,高,
210,More Foreign Workers in Japan Being Hired as Bus Drivers After Residence System Change,https://news.google.com/rss/articles/CBMic0FVX3lxTE1PMFdNTXdlQkFiNnN3c3VVTTdhcmFqc3ZfblFHZ09leVRISTZOZTFjMlFmN1lTQ0oxTUpjVS1WM0kwRWRtOG1ERGszekI0Tl9Hclpfc0lPWVkzUExXUmxWaXRib2JOdkNFYVRHcjVpZFNxYkk?oc=5,Google News: Philippines: Japan work,google_news,フィリピン,2026-06-26T07:00:00+00:00,2026-07-09T00:10:47.876828+00:00,ニュース（外国人・ビザ）,ニュース（外国人・ビザ）,3,foreign workers,,,日本語概要: 労働・雇用関連の告知として確認対象です。 / 原文抜粋: More Foreign Workers in Japan Being Hired as Bus Drivers After Residence System Change Mo…,在留資格制度の変更を受け、日本でバス運転手として採用される外国人労働者が増えているという報道。バス運転手など運輸分野での外国人材の受け入れ拡大が対象。,中,
193,システム標準化56％間に合わず 全国1015自治体で移行に遅れ,https://news.google.com/rss/articles/CBMiY0FVX3lxTE5DaXU0QXJ1b1FjR1lndEkycnEwRTFjY2ltY2MxTUVxWWJiSlZCS2k4dkUyUDhKRXlvanRwTzQtNG1NVVhERndCbmZFN3BhLWtmVVFNaFVxYUp3eHdhaWpnbXVEaw?oc=5,Google News: 自治体 日本語教室 補助金,google_news,,2026-06-30T02:58:32+00:00,2026-07-09T00:10:47.876765+00:00,その他,その他,3,自治体,,,システム標準化56％間に合わず 全国1015自治体で移行に遅れ nippon.com,自治体情報システムの標準化で、全国1015自治体が移行期限に間に合わず、対象の約56％で移行が遅れている。,無関係,
191,外国人介護人材との円滑なコミュニケーションを促進する研修を実施,https://news.google.com/rss/articles/CBMivwJBVV95cUxOeTEyRVd4eXdsOGhHVXFiMlBfUEtyNDdLXzMwaUV0dEViRndYdkU5VFFKRVlBOExLV0hraVdJc09UUW9IdzZodk96TldLYWoxNXZDZVdQbUNCV1ZMTk1adEVtbnpMT0pEU1E3aGdqR1dkdVdIc0pNT1RmWVVTVzJONFNGZ3RKbExzcE5DUUNJaklUdlV3MXJoT2V1c3QyUkY3QjdQVzZhbjNFWmU5X1dnZndONE5Yci1WS2F0aTJIazZpMmlFZkhKOWMwTnVnZkdzWi1JZ0RNemhXeGZscC0wcmk0Ql9yUmt0UFZnZlBsSmJ6bEdyVV9XWHA3RGw4VnFxSWFydFVGZm5lVDJnVFB1MWxUUmJCT0t5RGlwR3YxNjJLMVlCNTEwS1hLU2t4cDY5R0gxNGZ1SEU1Vkc0LWJr0gHEAkFVX3lxTFBpMzBXUXNsRUZpQUh4S1N0N2tkTXpVdG5wZFhXeGU2eHdfYmNnUjZvNTZYYTFTTkFfbUVTcV9FZzNMZHZKTXRqTy1LS0VWaDlJWXV1Xy1IdjNJeU95MHRMY1huTnJiRmg0QWY5VjBKMUM4ZWwydXB3cjRxejdkZVZlb2NyR0Y2QmI5NFhuTUFRc0w0a2NTLWVfd3hsZ213SFFXV2J2dlhLOUs0NlpWVnpScklRTUxWQ1J2SUt2Mlh5b01peV9yc1M4X1pObGJrUWx6NmdMcl9MbkRfNEtnRERTUXAtZDF0YVVvTGJ3OFlyQ2NnQWozVmFUSzlHUDVoTTdQVHhuX3EwZTdhNGxJWjU4a2doUzQ5MkJXUW9WQ1BYcF9OSDZhZTl6YzF2YWVkSHNlVUpmclVqNm1wV3cxMTItNklyUw?oc=5,Google News: 外国人材 日本語教育 委託,google_news,,2026-06-25T07:00:00+00:00,2026-07-09T00:10:47.876402+00:00,ニュース（日本語教育）,ニュース（日本語教育）;その他,7,外国人介護人材;介護人材,,,外国人介護人材との円滑なコミュニケーションを促進する研修を実施 South65,外国人介護人材との円滑なコミュニケーションを促進することを目的とした研修が実施された。介護分野で外国人材を受け入れる現場が対象とみられる。,中,
2,インドネシア軍への能力構築支援 日本語教育課程のため日本人講師を11か月間派遣（令和7年度）,https://news.google.com/rss/articles/CBMiXEFVX3lxTFBZbmR1R3JQeWt6WXdvb3B0X3o2RTdwb0I3T1pUc0hjOFczWURlbU5aNlMyM2laNXpsdzlGYVJrcFBkS2lKLVd6UlUwOFN2bWxGMWRzanp3cTl0Yl9i?oc=5,Google News: 日本語教育 補助金,google_news,,2026-06-25T07:00:00+00:00,2026-07-09T00:10:47.876202+00:00,ニュース（日本語教育）,ニュース（日本語教育）,4,日本語教育,,,インドネシア軍への能力構築支援 日本語教育課程のため日本人講師を11か月間派遣（令和7年度） J ディフェンス ニュース,防衛省によるインドネシア軍への能力構築支援の一環として、日本語教育課程のために日本人講師が11か月間派遣される（令和7年度）。,低,
199,観光庁、ワーホリ制度を使って観光地の外国人材確保を目指す地域を公募 8/3まで,https://news.google.com/rss/articles/CBMibEFVX3lxTE5ET2VxMkNiNlVrSnl3bzlWYkN4UzI1dThHQktxLUNObGdkbjA4eW84ZWQ4UUNsWDktSGROVlBVRDQ0VWJOcVVKWjRVbERZUGNtSms5TnZlbzRtejJ6ZGhqeXA2d3lESGNNVWFUTQ?oc=5,Google News: 神奈川県 外国人材 補助金 公募,google_news,,2026-07-03T00:02:37+00:00,2026-07-07T00:09:59.971620+00:00,公募・補助金・プロポーザル,公募・補助金・プロポーザル;ニュース（外国人・ビザ）;その他,7,公募;外国人材,,,観光庁、ワーホリ制度を使って観光地の外国人材確保を目指す地域を公募 8/3まで 訪日ラボ,観光庁が、ワーキング・ホリデー制度を活用して観光地の外国人材確保を目指す地域を公募している。応募の締切は8月3日まで。,中,ワーホリで来日する外国人材を受け入れる観光地や事業者向けに、Nihongo Catch!による就業前後の日本語学習支援を提案し、応募地域との連携を打診できそう。
203,マイナビグローバル、「鹿児島県介護特定技能外国人マッチング支援事業」を運営開始,https://news.google.com/rss/articles/CBMiVEFVX3lxTE5MQUQxXzAtZmZrakN0eklieWVVT0prZUdLei1PWTc0elRaaTU1cm9JRm9meFlDODhUcjRxWE1MbTFLdGk3dnRxUDVNRVhHVTFya1FwVA?oc=5,Google News: 東京都 在住外国人 支援事業 助成,google_news,,2026-06-23T13:48:10+00:00,2026-07-07T00:09:59.971567+00:00,ニュース（外国人・ビザ）,ニュース（外国人・ビザ）;その他,4,特定技能,,,マイナビグローバル、「鹿児島県介護特定技能外国人マッチング支援事業」を運営開始 ニコニコニュース,マイナビグローバルが、鹿児島県の介護分野で働く特定技能外国人と県内の事業者をつなぐ「鹿児島県介護特定技能外国人マッチング支援事業」の運営を始めた。,中,
182,PENGUMUMAN KELULUSAN UJIAN BAHASA JEPANG DASAR BAGI KANDIDAT NURSE DAN KANDIDAT CAREWORKER PROGRAM EPA G TO G JEPANG BATCH XX TAHUN 2026,https://kp2mi.go.id/gtog-detail/jepang/pengumuman-kelulusan-ujian-bahasa-jepang-dasar-bagi-kandidat-nurse-dan-kandidat-careworker-program-epa-g-to-g-jepang-batch-xx-tahun-2026,インドネシア KP2MI/BP2MI G to G Japan,overseas_official,インドネシア,2026-06-22T00:00:00+00:00,2026-07-05T00:02:40.965601+00:00,ニュース（外国人・ビザ）,ニュース（外国人・ビザ）;その他,21,careworker;G to G;EPA;nurse;Jepang;bahasa Jepang;ujian bahasa Jepang,,,日本語概要: 日本語基礎試験に関する告知です。合格発表に関する情報です。試験実施・参加手順に関する情報です。インドネシア政府の G to G 日本派遣プログラムに関する告知です。EPAの看護師・介護福祉士候補者に関係します。日本就労を目指すインドネシア人候補者向け情報です。 / 原文抜粋: PENGUMUMAN KELULUSAN UJIAN BAHASA JEPANG DASAR BAGI KANDIDAT NURSE DAN KANDIDAT CAREWORKE… / Source page: https://kp2mi.go.id/gtog-data/jepang/Pengumuman?draw=1&start=0&length=20 / 一覧掲載日: 22 June 2026,インドネシア移民労働者保護省（KP2MI/BP2MI）が、日本とのEPA G to Gプログラム第20期（2026年）の看護師・介護福祉士候補者向け日本語基礎試験（6月19日実施）の合格者を発表した。介護福祉士は正規候補480人と補欠3人、看護師は47人が合格し、正規候補は6月24〜26日に心理検査（費用35万ルピア）を受ける必要がある。,中,
196,Esuhai - 18 năm “Kiến nghiệp thành công”,https://news.google.com/rss/articles/CBMiigFBVV95cUxQemNSZzIxMVJsVFE4dlJ0THotRmk2ektUZVdiYk9GQVRNVldoQk5aYVh3Tm1GQ05oY2xMbFdlQ29tRXVjU2dDdEZKMEpXNGlKTmUyc0x6TXU0N2NKeWk1VlQxUGR5YkljOElBaC1wSzBnYWRZWGZ2MjFSenJFc09GdHJTT1pDbXRTNlE?oc=5,Google News: Vietnam: Japan workers,google_news,ベトナム,2026-07-01T11:11:58+00:00,2026-07-05T00:02:40.965454+00:00,ニュース（外国人・ビザ）,ニュース（外国人・ビザ）;その他,3,外国人材,,,日本語概要: ベトナム発の日本就労・外国人材関連情報です。 / 原文抜粋: Esuhai - 18 năm “Kiến nghiệp thành công” Esuhai - 18 năm “Kiến nghiệp thành công” Tuổi Trẻ,ベトナムの人材サービス企業Esuhaiの創業18年の歩みを取り上げた、Tuổi Trẻ掲載の記事。日本向けの人材送り出しや外国人材に関わる企業の動向を伝える内容。,中,
195,Chuyến thăm Ấn Độ của Thủ tướng Takaichi: Giải mã Tầm nhìn chung Ấn Độ - Nhật Bản với 8 trụ cột hợp tác,https://news.google.com/rss/articles/CBMi1wFBVV95cUxNbUttMm0zVHNCMUFmT1MybTc2ejdOc3FMd1N6VFdJd04tMUVwOXhSb1JVZGR6M1VzcnRoZHFfQXRSU2dqZkN0ZldheDVKOGRwRjhpOWdnZm1MQlVyc2IxZGlQTFRjRGI0aFJWcUR0Z1lFVERRVkFEZ1NlaGJ2WFBuZE41eUJJSHNfUndvaG5tRnBMdnpWbjNDNlZPOTNhRGgxV0VXSzZwVUhzT1VWWTBZM1J6Sm1IYVNMNGpkUGtYSmJNYWxvanBfMjhXcFIzaTlwVlVpby1LVQ?oc=5,Google News: Vietnam: Japan workers,google_news,ベトナム,2026-07-02T07:17:01+00:00,2026-07-05T00:02:40.965391+00:00,ニュース（外国人・ビザ）,ニュース（外国人・ビザ）;その他,4,外国人材;Nhật Bản,,,日本語概要: ベトナム発の日本就労・外国人材関連情報です。 / 原文抜粋: Chuyến thăm Ấn Độ của Thủ tướng Takaichi: Giải mã Tầm nhìn chung Ấn Độ - Nhật Bản với 8 t…,高市首相のインド訪問に関する報道で、日印共通ビジョンを8つの協力の柱に沿って読み解く内容。,低,
202,Zenken、鳥取県より「令和8年度 鳥取県外国人介護人材キャリアアップ研修事業」を受託,https://news.google.com/rss/articles/CBMiUEFVX3lxTE40V01JaXlwVGl3MElnTE1yMHBRaHVCWlBmbXdHOHcwUllxZ2FtVGR1OGVZblB1c1RrenctTXNoaTFxSEVMMEJsa2IwbXRnY3E5?oc=5,Google News: 福岡県 外国人介護人材 補助金,google_news,,2026-07-02T03:00:00+00:00,2026-07-05T00:02:40.965183+00:00,ニュース（日本語教育）,ニュース（日本語教育）;その他,7,外国人介護人材;介護人材,,,Zenken、鳥取県より「令和8年度 鳥取県外国人介護人材キャリアアップ研修事業」を受託 日本海新聞 NetNihonkai,Zenkenが、鳥取県の「令和8年度 鳥取県外国人介護人材キャリアアップ研修事業」を受託した。対象は県内で働く外国人介護人材の研修事業。,高,
7,県、多文化共生を推進 日本語教育、職住環境整備 プラン策定、大幅修正なし：日刊県民福井Web,https://news.google.com/rss/articles/CBMiVEFVX3lxTE8zRXZQalJ2Z2tia3FkdEc4d2hiLWZpRExuU1NCX21YRmJBLWd1Z3FJcFlGeXhtRmVrMXFyWXN5b1BxaWhvcVgyZ0p2eWxPb3hacUg5Zg?oc=5,Google News: 日本語教育 公募,google_news,,2026-06-21T07:00:00+00:00,2026-07-05T00:02:40.964738+00:00,ニュース（日本語教育）,ニュース（日本語教育）,4,日本語教育,,,県、多文化共生を推進 日本語教育、職住環境整備 プラン策定、大幅修正なし：日刊県民福井Web 中日新聞Web,福井県が多文化共生の推進に向け、日本語教育の充実や職場・住環境の整備を盛り込んだプランを策定した。大幅な修正はなかった。,中,
165,外国人材の受け入れ・活躍の促進へ 日本語研修などの経費を補助 香川県,https://news.google.com/rss/articles/CBMie0FVX3lxTE9fR3dwSmo1LUVGbXVoTGp3VjhQRjVQejV3d0xIbFNKNExKMVBxYm1FcTFISVREWTQtYkREbldDVk1ZNjBuczdQVHQxZ2pTX19fZFh0aUo1dnNZTGVmckJwREpKZWcyQ3JjZHpORVBZTEdWTUhwUk9DX21Qbw?oc=5,Google News: 日本語教育 補助金,google_news,,2026-06-20T06:24:00+00:00,2026-07-04T00:05:08.623615+00:00,公募・補助金・プロポーザル,公募・補助金・プロポーザル;ニュース（外国人・ビザ）;その他,6,補助;外国人材,,,外国人材の受け入れ・活躍の促進へ 日本語研修などの経費を補助 香川県 au Webポータル,香川県が、外国人材の受け入れと活躍の促進に向けて、日本語研修などにかかる経費を補助する。,高,香川県内の受入企業や登録支援機関に対し、補助対象となる日本語研修として Nihongo Catch! を提案し、補助金を活用した導入を働きかけられそう。
162,官民協働海外留学支援制度～トビタテ！留学JAPAN 新・日本代表プログラム～ 【大学生等対象】2026年度（第18期）派遣留学生の選考結果及び壮行会の開催について 応募者数が前年度から約2割増加！,https://www.mext.go.jp/a_menu/kokusai/tobitate/1422994_00016.htm,文部科学省 報道発表,page,,,2026-07-03T00:06:56.030133+00:00,ニュース（日本語教育）,ニュース（日本語教育）;その他,4,留学生,,,Source page: https://www.mext.go.jp/b_menu/houdou/index.htm / ※式典、交流会及び派遣留学生対象オリエンテーションは取材可能です。 / 留学JAPAN 新・日本代表プログラム～ 【大学生等対象】2026年度（第18期）派遣留学生の選考結果及び壮行会の開催について 応募者数が前年度から約2割増加！ / （4）概要 グローバル人材育成コミュニティ全体で【大学生等対象】第18期派遣留学生の派遣を祝う式典を開催するとともに、交流会及び派遣留学生対象オリエンテーションを通じて、「トビタテ！,"文部科学省は、トビタテ！留学JAPAN 新・日本代表プログラム【大学生等対象】2026年度（第18期）派遣留学生の選考結果を公表し、応募者は前年度の1,204名から1,481名へ約2割増加、採用者は277名（倍率5.3倍）となった。派遣留学生の壮行会は令和8年7月18日（土）13時から文部科学省で開催され、支援企業・団体は109社・団体、支援額は44.7億円となっている。",低,
161,在留諸申請の進捗確認について,https://www.moj.go.jp/isa/10_00210.html,出入国在留管理庁,page,,,2026-07-03T00:06:56.030110+00:00,ニュース（外国人・ビザ）,ニュース（外国人・ビザ）,4,在留資格,,,Source page: https://www.moj.go.jp/isa/ / ＜対象となる申請＞ 在留資格認定証明書交付申請 在留期間更新許可申請 在留資格変更許可申請 永住許可申請 ☆在留審査処理期間は こちら をご覧ください。 / 入管庁HPに在留資格・申請ごとに平均審査処理期間を公表しています！,出入国在留管理庁が、在留申請の審査進捗に関する電話での問い合わせを控えるよう呼びかけている。個別の進捗には回答できず、審査が終われば入管からハガキやメールで通知される。平均審査処理期間は2024年10月分から月次で公表され、オンライン申請は在留申請オンラインシステムの「申請状態」欄で進み具合を確認できる。,中,
181,Disnaker Bandung Genjot Program Magang dan Penempatan Kerja ke Jepang,https://news.google.com/rss/articles/CBMisgFBVV95cUxPOE12X29CcXNBR0RsYWhmbzJ4THIwMzNJXzMtM1duZHRqWHU3MEFUU2o4MHRFSXlsNWtfc1Y5TDc5TmFPS3lGc0RwZTZFX1FBQTVpMHdoU2ItOG4xQ3pZaC1nWE1ZM25YX1FCNnBLZEZ1N2NDUXNFa0ZwVy1FNmlGTVY5UFpOb1lKSUtMaVFzRExsVlFGMjNXMEptZ3dzOVhDY1NTUDdvSkx1LXVpWkZJb0l3?oc=5,Google News: Indonesia: Japan workers,google_news,インドネシア,2026-06-19T07:00:00+00:00,2026-07-03T00:06:56.029329+00:00,ニュース（外国人・ビザ）,ニュース（外国人・ビザ）;その他,7,外国人材;EPA;Jepang,,,日本語概要: インドネシア発の日本就労・外国人材関連情報です。 / 原文抜粋: Disnaker Bandung Genjot Program Magang dan Penempatan Kerja ke Jepang Disnaker Bandung Ge…,インドネシア・バンドン市の労働局（Disnaker）が、日本向けの研修（マグアン）と就労先への送り出しを強化している。日本で働くことを目指すインドネシア人が対象。,中,
179,"Tak Perlu ke Jawa, Calon Pekerja Migran Sulsel Bisa Ikut Tes JFT-Basic di Makassar",https://news.google.com/rss/articles/CBMiswFBVV95cUxQYlZLSUVLVnFVaVQtRXBnMzdnQUNYX0JPMkdLSG95QS1mNlpkbmVheDR4WEpyU051MWVlMUktSjlwZFliNTRwdnpDbUNuTDdtQ0RSVVY4UTRDN2QxQloyMlJWOEhxV2xlSF9aRmpJQVZrVzY0THFzdUdQOURiTDRfeVRyamRsMENRQTJJdDc0dlNqbEJ6VTdPTnVYMk1MZXcyOEJ1NnhvU09SbzB4dXZBRXl1ONIBswFBVV95cUxQYlZLSUVLVnFVaVQtRXBnMzdnQUNYX0JPMkdLSG95QS1mNlpkbmVheDR4WEpyU051MWVlMUktSjlwZFliNTRwdnpDbUNuTDdtQ0RSVVY4UTRDN2QxQloyMlJWOEhxV2xlSF9aRmpJQVZrVzY0THFzdUdQOURiTDRfeVRyamRsMENRQTJJdDc0dlNqbEJ6VTdPTnVYMk1MZXcyOEJ1NnhvU09SbzB4dXZBRXl1OA?oc=5,Google News: Indonesia: Japan workers,google_news,インドネシア,2026-06-18T03:19:07+00:00,2026-07-02T00:09:35.265232+00:00,ニュース（外国人・ビザ）,ニュース（日本語教育）;ニュース（外国人・ビザ）,10,pekerja migran;pekerja;JFT-Basic,,,"日本語概要: 日本就労を目指すインドネシア人候補者向け情報です。 / 原文抜粋: Tak Perlu ke Jawa, Calon Pekerja Migran Sulsel Bisa Ikut Tes JFT-Basic di Makassar Tak Pe…",南スラウェシ州出身で日本就労を目指すインドネシア人候補者が、ジャワ島へ行かなくてもマカッサルでJFT-Basic（日本語基礎テスト）を受験できるようになった。,高,
180,"Disnakertrans Sulsel Apresiasi Kehadiran JFT-Basic di Makassar, Calon Pekerja Migran Makin Mudah",https://news.google.com/rss/articles/CBMizwFBVV95cUxPX3FwYm9CaTA0UVpZMjJlR1VyVG9HeUtZYlo0TmUxY0dveUpQNjViMjZrcl8yeVVyZTc5TkJGUlZqZjBrMWJaeklIODlYcS1vWVh4SjE3N2tPOG1HRmF6UFlnMU1kSm9UMXhkRHpvSlZFVENwaFpNLU9nQUcyVW5hTDdzdGV0cnYxMmNyeVlLVDRrSU1WbG5PeXY4aTFqaEtHVzh3WVdfUTZ0SlA1R0FCNjc0aVRxVkY1WmItNVk5VkVwSWVFaEI5Q2N3b1BGc0U?oc=5,Google News: Indonesia: Japan workers,google_news,インドネシア,2026-06-17T05:17:23+00:00,2026-07-01T00:07:41.386953+00:00,ニュース（外国人・ビザ）,ニュース（日本語教育）;ニュース（外国人・ビザ）,10,pekerja migran;pekerja;JFT-Basic,,,"日本語概要: 日本就労を目指すインドネシア人候補者向け情報です。 / 原文抜粋: Disnakertrans Sulsel Apresiasi Kehadiran JFT-Basic di Makassar, Calon Pekerja Migran Maki…",南スラウェシ州労働移住局（Disnakertrans Sulsel）が、マカッサルでJFT-Basic（国際交流基金日本語基礎テスト）が受験できるようになったことを歓迎した。日本での就労を目指すインドネシア人の候補者が受験しやすくなる。,高,
178,Disnakertrans Sulsel: Kehadiran JFT-Basic di Makassar Kurangi Beban Biaya Calon Pekerja ke Jepang,https://news.google.com/rss/articles/CBMixwFBVV95cUxQM2R1YWU3Q1NtZ1VFS1c2QmZ4NWZrYlR2NmM0cnJodjhUdlBvNElmOFJ2RTY4cWVQcUVJR3A5M0N5SGVBVk9aeG82cXBQdUNHSFdNTWgzMFFmU2k4MmRFSENfaTZuU29KRHVNV25SU3YybEJma216eVFqcU0wMDdmQWt4bGh3Ym83NWFlWnlMVG5QcE9UalVFRHBMTVN3T3hIbC1MZG5hb0RQaElCWTFYejZmeHZ4RHZRWWNSNG5oOWJib0tENzc0?oc=5,Google News: Indonesia: Japan workers,google_news,インドネシア,2026-06-17T07:00:00+00:00,2026-07-01T00:07:41.386866+00:00,ニュース（外国人・ビザ）,ニュース（日本語教育）;ニュース（外国人・ビザ）;その他,13,外国人材;EPA;Jepang;pekerja;JFT-Basic,,,日本語概要: インドネシア発の日本就労・外国人材関連情報です。 / 原文抜粋: Disnakertrans Sulsel: Kehadiran JFT-Basic di Makassar Kurangi Beban Biaya Calon Pekerja k…,南スラウェシ州労働局が、マカッサルにJFT-Basic（日本語基礎テスト）の受験機会ができたことで、日本で働くことを目指すインドネシア人候補者の費用負担が軽くなるとコメントした。対象は日本就労を希望する南スラウェシの候補者。,中,
12,育成就労制度で変わる農業現場 転籍解禁と日本語教育確保が新たな課題に,https://news.google.com/rss/articles/CBMihgFBVV95cUxOMmJkbVNEZUdZd0Jfb244MFlFM3E5TVJnWUR0WFNadmVCdUt6NDhmYm84NTJ0Zzhab1h6LTV0VFNRWDZqY0tmTllHUi00LWpSRE9aQ2xLbmQyQXUwOFdlTVZrRUhnWTlEZl9xY2s0SkxTZzM4dTl4emhRdHh1cmYzVkktUXgyZw?oc=5,Google News: 育成就労 日本語,google_news,,2026-06-17T07:00:00+00:00,2026-07-01T00:07:41.386837+00:00,ニュース（外国人・ビザ）,ニュース（日本語教育）;ニュース（外国人・ビザ）,8,日本語教育;育成就労,,,育成就労制度で変わる農業現場 転籍解禁と日本語教育確保が新たな課題に projectdesign.jp,育成就労制度の開始で農業現場が変わりつつあり、本人の意向による転籍が解禁されることや、外国人材の日本語教育をどう確保するかが受入側の新たな課題になっている。,高,
11,【無料セミナー】「特定技能（1号、2号）」試験、まずは何を支援する？,https://news.google.com/rss/articles/CBMiVEFVX3lxTFBROTZkZmRPaEM5MGh4WV84ZzR5UlFJU3ZLODRXQ3Jrc3l1UmhJRnRrX01VcE05WXpsWTY3a0xkMV9LMHo2c2YyZ05yMEhXSVBydTlQTQ?oc=5,Google News: 特定技能 日本語教育 支援,google_news,,2026-06-17T08:00:43+00:00,2026-07-01T00:07:41.386784+00:00,ニュース（外国人・ビザ）,ニュース（外国人・ビザ）,4,特定技能,,,【無料セミナー】「特定技能（1号、2号）」試験、まずは何を支援する？ ニコニコニュース,特定技能（1号・2号）の試験に向けて、まず何を支援すべきかを扱う無料セミナーの案内。特定技能の外国人材を受け入れる企業や支援担当者が対象とみられる。,高,
9,入学前教育を通じて、意欲的な入学者の受け入れと専門職人材の輩出を目指す―新潟医療福祉大学,https://news.google.com/rss/articles/CBMifEFVX3lxTFBKcUs1S2ZBUWk1cG9VNHc1ZkNaSEEya2tlNU82cF9tV2s5elVRS2ZOU0xOdUQ3TUZFV2ROOXZSX24tLUFweDJDVzdkYVdqQmFIcllFXzVFUkFReTFzUEtJNmduVXhwaDgyV0h6cW0wODNOUWpVSmN1YmZFTEc?oc=5,Google News: 日本語学校 入学前教育,google_news,,2026-06-23T09:17:25+00:00,2026-07-01T00:07:41.386741+00:00,ニュース（日本語教育）,ニュース（日本語教育）;その他,5,入学前教育,,,入学前教育を通じて、意欲的な入学者の受け入れと専門職人材の輩出を目指す―新潟医療福祉大学 Between情報サイト,新潟医療福祉大学が、入学前教育を通じて意欲的な入学者を受け入れ、専門職人材の輩出を目指す取り組みを紹介するBetween情報サイトの記事。,低,
176,Zenken、静岡県より令和8年度「外国人介護人材マッチング支援事業」を受託 - at-s.com,https://news.google.com/rss/articles/CBMiZkFVX3lxTE1ESHpBblZWejlCSW1qNmxHZ2hIRE53b1Zlakg3bF9ETkxXY0N0ck5hbXRrSVM3bkhRUEM1Y1U1d09VS1RaTG9iNEFMX3pUV0U3MFc0T21ONGo0ZllSc0VyWC1PQW5pUQ?oc=5,Google News: 日本語教育 委託事業,google_news,,2026-06-17T07:00:00+00:00,2026-07-01T00:07:41.386585+00:00,ニュース（日本語教育）,ニュース（日本語教育）;その他,7,外国人介護人材;介護人材,,,Zenken、静岡県より令和8年度「外国人介護人材マッチング支援事業」を受託 at-s.com,Zenkenが静岡県から令和8年度「外国人介護人材マッチング支援事業」を受託した。外国人介護人材と受入施設のマッチングを支援する県の委託事業が対象となる。,中,
174,岐阜県多文化共生推進補助金,https://www.pref.gifu.lg.jp/dx-support/437476.html,岐阜県 多文化共生補助金,page,,2026-04-01T00:00:00+00:00,2026-06-30T00:05:40.243255+00:00,公募・補助金・プロポーザル,公募・補助金・プロポーザル,8,補助金;補助,,,"Source page: https://www.pref.gifu.lg.jp/dx-support/437476.html / 上限 2,000千円(ハード事業) 500千円（ソフト事業）。",岐阜県が多文化共生の推進に取り組む団体向けに実施する補助金。補助上限額はハード事業が200万円、ソフト事業が50万円。,中,ソフト事業（上限50万円）で、外国人住民や外国人材向けの日本語学習支援としてNihongo Catch!を活用する提案ができそう。地元の団体や企業と組んで応募する形を検討したい。
184,"Lao động đi nước ngoài giảm mạnh, Bộ Nội vụ nêu 3 nguyên nhân chính",https://news.google.com/rss/articles/CBMirgFBVV95cUxQNmhPdTM1Vlp5S1NWQllUaEZKbEFCYWVkQWJfckU5bEU0QlVKcDRXWHc2NU52dWtFYzFYUm55ZDdJNHZVRERqV0RSUlNpNWhTWGdnQmUyYl9ScFBpTVk3S09kVnRPaEppTXNLSEV0QW9fdkdHVXdCSUlQZzFmLVdVZzR5OGVpODZHTTdyTHY0SGNyajRYLVYxSDhmTEV6NHAtOXdxMU9yX3ZMblVKcFE?oc=5,Google News: Vietnam: Japan workers,google_news,ベトナム,2026-06-22T01:36:23+00:00,2026-06-30T00:05:40.242715+00:00,ニュース（外国人・ビザ）,ニュース（外国人・ビザ）;その他,6,外国人材;lao động,,,"日本語概要: ベトナム発の日本就労・外国人材関連情報です。 / 原文抜粋: Lao động đi nước ngoài giảm mạnh, Bộ Nội vụ nêu 3 nguyên nhân chính Lao động đi nước ngoà…",ベトナム内務省が、海外へ働きに出るベトナム人労働者が大きく減少している要因として3つの主な原因を挙げた。日本を含む海外就労の送り出しに関わる動向。,中,
3,上智大×板橋区、外国につながる子供の日本語教育支援,https://news.google.com/rss/articles/CBMiZkFVX3lxTFA0M2dWMTdlM3kzWEU3VGhTQUhwUmVmbmFjU052QWVQQklXYkFUdnJpanA5UVlKWlFKYkxQT3pDNWpPc3VwdWtoX1hyWTQxa3E3WWdJVHhqTmFqUDZLeV83cXJSQVhndw?oc=5,Google News: 日本語教育 補助金,google_news,,2026-06-16T07:00:00+00:00,2026-06-30T00:05:40.242278+00:00,ニュース（日本語教育）,ニュース（日本語教育）,4,日本語教育,,,上智大×板橋区、外国につながる子供の日本語教育支援 リセマム,上智大学と東京都板橋区が連携し、外国につながる子供への日本語教育を支援する取り組み。,中,
8,東川国際文化福祉専門学校、国認定の「日本語教育機関」に 北海道内初,https://news.google.com/rss/articles/CBMiWkFVX3lxTFBCZVc5RjZWVjlNdkItSzZOVVMzaFRhSmlMRzdURTFIZmY1RTZYY1dQbGpoVlY0NWdnUWNQYmg2WlRqZ3ktdTlmaXcxR1RVT1VYTGxjOUJLSEN5dw?oc=5,Google News: 認定日本語教育機関 留学生,google_news,,2026-06-17T07:00:00+00:00,2026-06-29T09:37:10.847422+00:00,ニュース（日本語教育）,ニュース（日本語教育）;その他,4,日本語教育,,,東川国際文化福祉専門学校、国認定の「日本語教育機関」に 北海道内初 北海道新聞デジタル,東川国際文化福祉専門学校（北海道東川町）が、国の認定を受けた「日本語教育機関」として北海道内で初めて認定された。,中,
152,外国人材の獲得へ広がる「MOU」 海外政府や企業、大学と協力する約束、都道府県と政令市の4割超が締結,https://news.google.com/rss/articles/CBMiU0FVX3lxTE5oSUJmRnB6UFI1X1hLZEVxdDhQQ1p1YlN0dG44cFpKSVF5VW50MjZBQU1MTWVNdW9SVGtTN2dGMGNOVjB4UHNKSmdPcUVlU0pUVUNr?oc=5,Google News: 外国人材 補助金 自治体,google_news,,2026-06-15T07:00:00+00:00,2026-06-29T06:39:26.794380+00:00,ニュース（外国人・ビザ）,ニュース（外国人・ビザ）;その他,3,外国人材,,,外国人材の獲得へ広がる「MOU」 海外政府や企業、大学と協力する約束、都道府県と政令市の4割超が締結 東京新聞デジタル,外国人材の獲得に向け、海外政府・企業・大学と協力を約束するMOU（覚書）を結ぶ自治体が広がっており、都道府県と政令市の4割超が締結している。,高,
10,在留外国人410万人突破、特定技能拡大の裏で深刻化する「言葉の壁」に一手。飲食特化型教育『GF Academy』、1on1レッスンのアジア4カ国語拡充＆動画教材を新設！ | Ｇ－ＦＡＣＴＯＲＹ株式会社のプレスリリース,https://news.google.com/rss/articles/CBMiakFVX3lxTE1ZOXM4dFFEZ1kyOWpvS0lYdGJxdHNla1dsZ25hWmY0V0dUY2ZJVV9iVW12SURPMTlRcEZqM3VYekxXS1BNYXQwQ3FBT0tqVTRkbWZEMWx1R3ZiNjM2NzlqWjlfQkxsYjZyanc?oc=5,Google News: 特定技能 日本語教育 支援,google_news,,2026-06-15T07:00:00+00:00,2026-06-29T06:39:26.785146+00:00,ニュース（外国人・ビザ）,ニュース（外国人・ビザ）,4,特定技能,,,在留外国人410万人突破、特定技能拡大の裏で深刻化する「言葉の壁」に一手。飲食特化型教育『GF Academy』、1on1レッスンのアジア4カ国語拡充＆動画教材を新設！ | Ｇ－ＦＡＣＴＯＲＹ株式会社のプレスリリース PR TIMES,Ｇ－ＦＡＣＴＯＲＹ株式会社が、飲食業で働く外国人材向けの教育サービス『GF Academy』で、1on1レッスンのアジア4カ国語への拡充と動画教材の新設を発表した。在留外国人が410万人を突破し特定技能が広がるなか、現場の「言葉の壁」への対応が狙い。,高,
